,Name,Price,Rating,Image
4,"HP Laptop 15s, AMD Ryzen 5 5500U, 15.6-inch (39.6 cm), FHD, 8GB DDR4, 512GB SSD, AMD Radeon Graphics, Thin & Light, Dual Speakers (Win 11, MSO 2019, Silver, 1.69 kg), eq2144AU","27,990",4.1 out of 5 stars,https://m.media-amazon.com/images/W/MEDIAX_792452-T1/images/I/71PHHI3+RkL._AC_UY218_.jpg
5,"HP Laptop 15s, AMD Ryzen 5 5500U, 15.6-inch (39.6 cm), FHD, 8GB DDR4, 512GB SSD, AMD Radeon Graphics, Thin & Light, Dual Speakers (Win 11, MSO 2019, Silver, 1.69 kg), eq2144AU","39,800",4.1 out of 5 stars,https://m.media-amazon.com/images/W/MEDIAX_792452-T1/images/I/71PHHI3+RkL._AC_UY218_.jpg
6,"Acer Aspire 3 Thin and Light Laptop Intel Core i5 12th Generation (Windows 11 Home/8 GB/512 GB SSD) A315-59 with 15.6-inch (39.6 cms) Full HD Display, 1.7 KG, Pure Silver","39,990",1.0 out of 5 stars,https://m.media-amazon.com/images/W/MEDIAX_792452-T1/images/I/81eW38mGOWL._AC_UY218_.jpg
7,"ASUS [SmartChoice] Vivobook 15, Intel Celeron N4020, 15.6"" (39.62 cms) HD, Thin and Light Laptop (8GB/512GB SSD/Integrated Graphics/Windows 11/Office 2021/Fingerprint/Silver/1.8 kg), X515MA-BR024WS","26,990",3.9 out of 5 stars,https://m.media-amazon.com/images/W/MEDIAX_792452-T1/images/I/71kJlKb2r8L._AC_UY218_.jpg
8,"HP Laptop 15s, 12th Gen Intel Core i3-1215U, 15.6-inch (39.6 cm), FHD, 8GB DDR4, 1TB SSD, Intel UHD Graphics, Thin & Light, Dual Speakers (Win 11, MSO 2021, Silver, 1.69 kg), fy5005TU","44,990",4.1 out of 5 stars,https://m.media-amazon.com/images/W/MEDIAX_792452-T1/images/I/71W5FiBP6WL._AC_UY218_.jpg
9,"MSI Modern 15, Intel 11th Gen. i3-1115G4, 40CM FHD 60Hz Laptop (8GB/512GB NVMe SSD/Windows 11 Home/Intel UHD Graphics/Classic Black/1.7Kg), B11M-063IN","29,990",3.7 out of 5 stars,https://m.media-amazon.com/images/W/MEDIAX_792452-T1/images/I/613l2kLVCRL._AC_UY218_.jpg
16,"Acer Aspire Lite 11th Gen Intel Core i3 Premium Metal Laptop (8GB RAM/256GB SSD/Windows 11 Home) AL15-51, 39.62cm (15.6"") Full HD Display, Metal Body, Steel Gray, 1.59 Kg","28,990",3.9 out of 5 stars,https://m.media-amazon.com/images/W/MEDIAX_792452-T1/images/I/71czGb00k5L._AC_UY218_.jpg
17,"HP Laptop 15s, Intel Celeron, 15.6-inch (39.6 cm), HD, 8GB DDR4, 512GB SSD, Intel UHD Graphics, Thin & Light, Dual Speakers, BrightView Display (Win 11, MSO 2021, Silver, 1.65 kg), fq3071TU","28,490",3.2 out of 5 stars,https://m.media-amazon.com/images/W/MEDIAX_792452-T1/images/I/81GuRJraGlL._AC_UY218_.jpg
18,"HP Laptop 15s, AMD Ryzen 5 5500U, 15.6-inch (39.6 cm), FHD, 8GB DDR4, 512GB SSD, AMD Radeon Graphics, Thin & Light, Dual Speakers (Win 11, MSO 2019, Silver, 1.69 kg), eq2144AU","39,800",4.1 out of 5 stars,https://m.media-amazon.com/images/W/MEDIAX_792452-T1/images/I/71PHHI3+RkL._AC_UY218_.jpg
19,"HP Chromebook X360 Intel Celeron N4120 14 inch(35.6 cm) Micro-Edge, Touchscreen, 2-in-1 Laptop (4GB RAM/64GB eMMC/Chrome OS/Intel UHD Graphics,1.49Kg), 14a-ca0506TU","20,990",3.8 out of 5 stars,https://m.media-amazon.com/images/W/MEDIAX_792452-T1/images/I/714QTs222ZL._AC_UY218_.jpg
20,"HP Chromebook 14a,Intel Celeron N4500 14inch(35.6 cm) FHD Touchscreen Laptop (Chrome OS, 4 GB SDRAM/64 GB eMMC/Chrome 64 /Dual Speakers/Google Assistant Built-in/Mineral Silver) 14a- na1004TU","19,990",3.7 out of 5 stars,https://m.media-amazon.com/images/W/MEDIAX_792452-T1/images/I/71uRmmrCGzL._AC_UY218_.jpg
21,"MSI Modern 14, Intel 12th Gen. i7-1255U, 36CM FHD 60Hz Laptop (16GB/512GB NVMe SSD/Windows 11 Home/Intel Iris Xe Graphics/Classic Black/1.4Kg), C12M-459IN","49,990",4.0 out of 5 stars,https://m.media-amazon.com/images/W/MEDIAX_792452-T1/images/I/61yN+3Z7WtL._AC_UY218_.jpg
22,AXL Laptop (Vayu Book) Newly Launched Thin & Light | 15.6 Inch HD Display (4GB/256GB SSD | 1920 * 1080 FHD IPS | HD Gemini Lake N4020 | Windows 11 Home | UHD Graphics 600 | Space Grey,"16,990",3.4 out of 5 stars,https://m.media-amazon.com/images/W/MEDIAX_792452-T1/images/I/518eTKBBFEL._AC_UL640_QL65_.jpg
24,AXL Laptop (Vayu Book) Newly Launched Thin & Light | 15.6 Inch HD Display (4GB/256GB SSD | 1920 * 1080 FHD IPS | HD Gemini Lake N4020 | Windows 11 Home | UHD Graphics 600 | Space Grey,"16,990",3.4 out of 5 stars,https://m.media-amazon.com/images/W/MEDIAX_792452-T1/images/I/518eTKBBFEL._AC_UL640_QL65_.jpg
25,"Lenovo IdeaPad 1 AMD Athlon Silver 7120U 15.6"" HD Thin and Light Laptop (8GB/512GB SDD/Windows 11 Home/1Year Warranty/MS Office/Cloud Grey/1.58Kg), 82VG00EQIN","26,990",1.0 out of 5 stars,https://m.media-amazon.com/images/W/MEDIAX_792452-T1/images/I/71bDJ9wxxWL._AC_UY218_.jpg
26,"ASUS Vivobook 16 (2023), Intel Core i9-13900H 13th Gen, 16"" (40.64 cm) FHD+, Thin & Light Laptop (16GB/512GB SSD/Intel Iris Xe/Win 11/Office 2021/Backlit KB/Fingerprint/Black/1.88 kg) X1605VA-MB947WS","79,990",4.1 out of 5 stars,https://m.media-amazon.com/images/W/MEDIAX_792452-T1/images/I/71VrU+m9CDL._AC_UY218_.jpg
28,"HP 250 G8 Notebook PC, 11th Gen Intel Core i3-1115G4 Processor, 15.6 inch(39.6cm) Anti-Glare HD Laptop/8GB RAM/512GB SSD/Numeric Keypad/Intel UHD Graphics/Win 11/1.74 Kgs 6X4B3PA","33,999",3.8 out of 5 stars,https://m.media-amazon.com/images/W/MEDIAX_792452-T1/images/I/71G+U+ae6sL._AC_UY218_.jpg
29,"Samsung Galaxy Book3 Core i7 13th Gen 1355U - (16 GB/512 GB SSD/Windows 11 Home) Galaxy Book3 Thin and Light Laptop  (15.6 Inch, Graphite, 1.58 Kg, with MS Office)","89,990",4.3 out of 5 stars,https://m.media-amazon.com/images/W/MEDIAX_792452-T1/images/I/71S4rL6SedL._AC_UY218_.jpg
30,"Lenovo Ideapad Slim 3 AMD Ryzen 5 7520U 15.6"" (39.6cm) FHD Laptop (8Gb/512Gb SSD/Win 11/Office 2021/1 Year Warranty/Alexa Built-in/3 Month Game Pass/Arctic Grey/1.62Kg), 82XQ008GIN","40,590",4.0 out of 5 stars,https://m.media-amazon.com/images/W/MEDIAX_792452-T1/images/I/71iwcdBHcML._AC_UY218_.jpg
31,"(Refurbished) Lenovo ThinkPad 6th Gen Intel Core i5 Thin & Light HD Laptop (8 GB RAM/256 GB SSD/14"" (35.6 cm) HD/Windows 11/MS Office/WiFi/Bluetooth/Webcam/Intel Graphics), Black","17,898",4.0 out of 5 stars,https://m.media-amazon.com/images/W/MEDIAX_792452-T1/images/I/51qGdtu8+RL._AC_UY218_.jpg
32,"HP Pavilion 14, 12th Gen Intel Core i5-1235U,14-inch (35.6 cm),FHD,Touchscreen,16GB DDR4, 512GB SSD, Intel Iris Xᵉ Graphics, FPR, Backlit KB, Audio by B&O (Win 11, MSO 2021, Silver, 1.41 kg),dv2041TU","68,490",4.2 out of 5 stars,https://m.media-amazon.com/images/W/MEDIAX_792452-T1/images/I/71Im0MkSoaL._AC_UY218_.jpg
33,"HP Laptop 15, AMD Ryzen 3 7320U, 15.6-inch (39.6 cm), FHD, 8GB LPDDR5, 512GB SSD, AMD Radeon Graphics, FHD Camera w/Privacy Shutter, Backlit KB (Win 11, MSO 2021, Silver, 1.59 kg), fc0026AU","38,990",4.7 out of 5 stars,https://m.media-amazon.com/images/W/MEDIAX_792452-T1/images/I/719zrQ+olaL._AC_UY218_.jpg
34,"Lenovo IdeaPad Slim 3 Intel Core i7 12th Gen 15.6 inch (39.62cm) FHD Thin & Light Laptop (16GB/512GB SSD/Windows 11/Office 2021/3months Game Pass/Arctic Grey/1.63Kg), 82RK011EIN","62,990",4.0 out of 5 stars,https://m.media-amazon.com/images/W/MEDIAX_792452-T1/images/I/51D0u37wUuL._AC_UY218_.jpg
35,"Xiaomi Notebook Ultra Max 11th Gen Intel Core i5-11320H Thin & Light (16GB/512GB SSD/Iris Xe Graphics/15.6"" 3.2K Resolution/Win 11/Thunderbolt 4/MS Office '21/Fingerprint Sensor/1.7 Kg)","48,990",4.2 out of 5 stars,https://m.media-amazon.com/images/W/MEDIAX_792452-T1/images/I/710aJMxsUXL._AC_UY218_.jpg
36,Acer Extensa 15 AMD Ryzen™ 3 7320U Quad-Core Processor (8 GB/256 GB SSD/Windows 11 Home/AMD Radeon Graphics/1.78 KG/Steel Gray) EX215-23 Full HD Display Laptop,"25,990",3.6 out of 5 stars,https://m.media-amazon.com/images/W/MEDIAX_792452-T1/images/I/71ixvs8g7PL._AC_UY218_.jpg
37,"HP 15s, AMD Ryzen 3 5300U, 15.6 inch(39.6cm) FHD Anti-Glare Laptop(8GB RAM/512 GB SSD/AMD Radeon Graphics/Win 11/MSO/Backlit Keyboard/Dual Speakers) 15s- eq2213AU","32,499",3.9 out of 5 stars,https://m.media-amazon.com/images/W/MEDIAX_792452-T1/images/I/81pRWxXq16L._AC_UY218_.jpg
38,"HP Laptop 15, 13th Gen Intel Core i5-1335U, 15.6-inch (39.6 cm), FHD, 8GB DDR4, 512GB SSD, Intel Iris Xe Graphics, FHD Camera w/Privacy Shutter, Backlit KB (Win 11, MSO 2021, Blue, 1.59 kg), fd0021TU","58,880",3.8 out of 5 stars,https://m.media-amazon.com/images/W/MEDIAX_792452-T1/images/I/81cWAKUA0NL._AC_UY218_.jpg
39,"AXL VayuBook Laptop 14.1 Inch FHD IPS Display (4GB Ram,128GB SSD) 1920 * 1080 Resolution | HD Gemini Lake N4020 | Windows 11 Home | UHD Graphics 600 (Cloud Silver)","14,990",3.2 out of 5 stars,https://m.media-amazon.com/images/W/MEDIAX_792452-T1/images/I/512eNZ2fcRL._AC_UY218_.jpg
40,"MSI Titan GT77 HX, Intel 13th Gen. i9-13980HX, 44CM FHD 144Hz Mini LED, HDR 1000 Gaming Laptop (64GB/4TB NVMe SSD/Windows 11 Home/Nvidia GeForce RTX4090, 16GB GDDR6/Core Black/3.3Kg), 13VI-092IN","5,69,990",3.7 out of 5 stars,https://m.media-amazon.com/images/W/MEDIAX_792452-T1/images/I/71yWBoj2kuL._AC_UY218_.jpg
41,"HP [SmartChoice 14s 11th Gen Intel i3 14 inches FHD, IPS (8GB RAM/ 512 GB SSD/LTE/Backlit Keyboard/UHD Graphics/Dual Speakers/Windows 11 Home/MS Office/1.49 Kg), 14s-ef1002tu, Natural Silver","38,490",4.2 out of 5 stars,https://m.media-amazon.com/images/W/MEDIAX_792452-T1/images/I/71beRaCiESL._AC_UY218_.jpg
42,"ASUS Vivobook 15, Intel Core i3-1220P 12th Gen, 15.6"" (39.62 cm) FHD, Thin and Laptop (8GB/512GB SSD/Integrated Graphics/Windows 11/Office 2021/Alexa Built-in/FP Sensor/Blue/1.7 kg), X1502ZA-EJ381WS","39,990",4.0 out of 5 stars,https://m.media-amazon.com/images/W/MEDIAX_792452-T1/images/I/71c0GSxtEEL._AC_UY218_.jpg
43,"Lenovo IdeaPad 1 AMD Ryzen 3 7320U 15.6"" HD Thin and Light Laptop (8 GB/512GB SDD/Windows 11 Home/1Yr Warranty/Cloud Grey/1.58Kg), 82VG00EVIN","32,990",3.9 out of 5 stars,https://m.media-amazon.com/images/W/MEDIAX_792452-T1/images/I/61iRHicGP4L._AC_UY218_.jpg
56,"Lenovo IdeaPad Slim 3 Intel Core i7 11th Gen 15.6"" (39.62cm) FHD Laptop (16GB/512GB SSD/Win 11/Office 2021/1 Year Warranty/Arctic Grey/1.65Kg), 82H803LPIN","1,495",4.0 out of 5 stars,https://m.media-amazon.com/images/I/61nC5tJlUEL._AC_UY218_.jpg
57,"Lenovo IdeaPad Slim 3 Intel Core i7 11th Gen 15.6"" (39.62cm) FHD Laptop (16GB/512GB SSD/Win 11/Office 2021/1 Year Warranty/Arctic Grey/1.65Kg), 82H803LPIN","55,990",4.0 out of 5 stars,https://m.media-amazon.com/images/I/61nC5tJlUEL._AC_UY218_.jpg
58,Fujitsu UH-X 13th Gen Intel Evo Core i5 14 inch(35.5cm) FHD Thin & Light Laptop (16GB/512GB SSD)/Windows11/Iris Xe Graphics/Backlit/Fingerprint Reader/Black/868gm - 4ZR1M37246 w/Sleeve,"86,990",3.6 out of 5 stars,https://m.media-amazon.com/images/I/714TjZtB+hL._AC_UY218_.jpg
60,"ASUS Vivobook Pro 15, AMD Ryzen 7 6800HS, 15.6"" (39.62 cm) FHD, Creator Laptop (16 GB RAM/512GB SSD/4GB RTX 3050/Win11//Backlit KB/Fingerprint/Silver/1.80kg), M6500RC-HN742WS","72,990",4.6 out of 5 stars,https://m.media-amazon.com/images/I/61bqnJWP-CL._AC_UY218_.jpg
61,"Acer Aspire Lite AMD Ryzen 5 5500U Premium Thin and Light Laptop (16 GB RAM/1 TB SSD/Windows 11 Home) AL15-41, 39.62 cm (15.6"") Full HD Display, Metal Body, Steel Gray, 1.59 KG","39,990",4.0 out of 5 stars,https://m.media-amazon.com/images/I/51KL3aOZ0tL._AC_UY218_.jpg
62,"ASUS [SmartChoice] Vivobook 16X 2023, Intel Core i5-13500H 13th Gen, 16.0-inch FHD+ 120Hz, T&L Laptop (16GB/512GB SSD/NVIDIA Geforce RTX 3050 4GB/Win11/FingerPrint/Silver/1.80 kg),K3605VC-MB542WS","75,990",4.3 out of 5 stars,https://m.media-amazon.com/images/I/717OtKImm9L._AC_UY218_.jpg
63,"Dell 14 Laptop, 13th Gen Intel Core i5-1335U Processor/ 8GB/ 512GB SSD/ 14.0"" (35.56cm) FHD/Windows 11 + MSO'21/15 Month McAfee/Spill-Resistant Keyboard/Carbon Black/Thin & Light- 1.46kg","57,990",2.9 out of 5 stars,https://m.media-amazon.com/images/I/51JVwUZNDwL._AC_UY218_.jpg
64,"Samsung Galaxy Book2 Pro 360 Intel 12th Gen i5 EvoTM 33.78 cm (13.3"") Touchscreen 2-in-1 AMOLED Thin & Light Laptop (16 GB/512 GB SSD/Windows 11/MS Office/with S Pen/Silver/1.04Kg), NP930QED-KB3IN","97,990",3.5 out of 5 stars,https://m.media-amazon.com/images/I/71gjnjXFcTL._AC_UY218_.jpg
65,"Acer Aspire 3 Laptop AMD Ryzen 3 7320U Quad-Core Processor (Windows 11 Home/8 GB/256 GB SSD/AMD Radeon Graphics) A315-24P, 39.6 cm (15.6"") Full HD Display","27,990",3.9 out of 5 stars,https://m.media-amazon.com/images/I/71KVtCRDojL._AC_UY218_.jpg
66,"Apple 2023 MacBook Pro (14-inch, M3 chip with 8‑core CPU and 10‑core GPU, 8GB Unified Memory, 512GB) - Silver","1,69,900",4.0 out of 5 stars,https://m.media-amazon.com/images/I/61xKOBNlu2L._AC_UY218_.jpg
67,"Lenovo IdeaPad Slim 3 Intel Core i7 12th Gen 15.6 inch (39.62cm) FHD Thin & Light Laptop (16GB/512GB SSD/Windows 11/Office 2021/3months Game Pass/Arctic Grey/1.63Kg), 82RK011EIN","62,990",4.0 out of 5 stars,https://m.media-amazon.com/images/I/51D0u37wUuL._AC_UY218_.jpg
68,"ASUS Vivobook 15, Intel Core i3-1220P 12th Gen, 15.6"" (39.62 cm) FHD, Thin and Laptop (8GB/512GB SSD/Integrated Graphics/Windows 11/Office 2021/Alexa Built-in/FP Sensor/Blue/1.7 kg), X1502ZA-EJ381WS","39,990",4.0 out of 5 stars,https://m.media-amazon.com/images/I/71c0GSxtEEL._AC_UY218_.jpg
69,"HP Pavilion X360 11th Gen Intel Core i7 14"" (35.6cm) FHD Multitouch 2in1 Laptop (16Gb Ram/512Gb Ssd/B&O/Win 11 Home/FPR/Backlit Kb/Intel Iris Xe Graphics/Pen/Alexa/Ms Office/Silver/1.52Kg)14-Dy1047Tu","85,990",4.0 out of 5 stars,https://m.media-amazon.com/images/I/61uAC5gFK8L._AC_UY218_.jpg
70,"HP Laptop 15s, AMD Ryzen 5 5500U, 15.6-inch (39.6 cm), FHD, 8GB DDR4, 512GB SSD, AMD Radeon Graphics, Thin & Light, Dual Speakers (Win 11, MSO 2019, Silver, 1.69 kg), eq2144AU","39,800",4.1 out of 5 stars,https://m.media-amazon.com/images/I/71PHHI3+RkL._AC_UY218_.jpg
71,"HP 250 G8 Notebook PC, 11th Gen Intel Core i3-1115G4 Processor, 15.6 inch(39.6cm) Anti-Glare HD Laptop/8GB RAM/512GB SSD/Numeric Keypad/Intel UHD Graphics/Win 11/1.74 Kgs 6X4B3PA","33,999",3.8 out of 5 stars,https://m.media-amazon.com/images/I/71G+U+ae6sL._AC_UY218_.jpg
72,"ASUS Vivobook 15, Intel Core i3-1220P 12th Gen, 15.6"" (39.62 cm) FHD, Thin and Laptop (8GB/512GB SSD/Integrated Graphics/Windows 11/Office 2021/Alexa Built-in/FP Sensor/Blue/1.7 kg), X1502ZA-EJ381WS","39,990",4.0 out of 5 stars,https://m.media-amazon.com/images/I/71c0GSxtEEL._AC_UY218_.jpg
73,"(Refurbished) Lenovo ThinkPad 6th Gen Intel Core i5 Thin & Light HD Laptop (8 GB RAM/256 GB SSD/14"" (35.6 cm) HD/Windows 11/MS Office/WiFi/Bluetooth/Webcam/Intel Graphics), Black","17,898",4.0 out of 5 stars,https://m.media-amazon.com/images/I/51qGdtu8+RL._AC_UY218_.jpg
74,"MSI Modern 14, Intel 12th Gen. i7-1255U, 36CM FHD 60Hz Laptop (16GB/512GB NVMe SSD/Windows 11 Home/Intel Iris Xe Graphics/Classic Black/1.4Kg), C12M-459IN","49,990",4.0 out of 5 stars,https://m.media-amazon.com/images/I/61yN+3Z7WtL._AC_UY218_.jpg
75,"MSI Modern 15, Intel 11th Gen. i3-1115G4, 40CM FHD 60Hz Laptop (8GB/512GB NVMe SSD/Windows 11 Home/Intel UHD Graphics/Classic Black/1.7Kg), B11M-063IN","29,990",3.7 out of 5 stars,https://m.media-amazon.com/images/I/613l2kLVCRL._AC_UY218_.jpg
76,"Lenovo IdeaPad Slim 3 Intel Core i3-1215U 15.6"" (39.6cm) FHD 250 Nits Laptop (8GB/256GB SSD/Windows 11/Office 2021/Alexa Built-in/3 Month Game Pass/Grey/1.62Kg), 82RK00XDIN with 12Month No-Cost EMI","31,990",4.3 out of 5 stars,https://m.media-amazon.com/images/I/51eww8hFXHL._AC_UY218_.jpg
77,"JioBook 11 (2023) NB1112MM(BLU) (Mediatek 8788 Octa-core 2 GHz/ARM Mali G72 MP3 @800 MHz/29.5cms 60 Hz/Thin and Light Laptop/ 4 GB LPDDR4/ 64 GB eMMC/JioOS 4G LTE, Dual Band Wi-Fi/Blue/ 990 GMS)","14,499",2.9 out of 5 stars,https://m.media-amazon.com/images/I/51cNQIk3q9L._AC_UY218_.jpg
78,"HP 255 G9 (840T7PA) Notebook (AMD Athlon Silver-3050U/ 4GB RAM/ 256GB SSD/DOS/ 15.6"" Screen/ 1 Year Warranty), Black","20,000",3.7 out of 5 stars,https://m.media-amazon.com/images/I/71V2Q8g87XL._AC_UY218_.jpg
79,"Dell 14 Laptop, 12th Gen Intel Core i5-1235U Processor, 16GB, 512GB, 14.0"" (35.56cm) FHD Display with Comfort View, Windows 11 + MSO'21, Spill-Resistant Keyboard, 15 Month Mcafee, Black, 1.48kg","54,990",3.5 out of 5 stars,https://m.media-amazon.com/images/I/51JVwUZNDwL._AC_UY218_.jpg
80,"ASUS Vivobook 15, IntelCore i7-12650H 12th Gen, 15.6"" (39.62 cm) FHD, Thin and Light Laptop (16 GB RAM/512GB SSD/Win11/Office 2021/Backlit/42WHr /Silver/1.75), X1502ZA-EJ742WS","60,990",3.9 out of 5 stars,https://m.media-amazon.com/images/I/813-FmU7N1L._AC_UY218_.jpg
81,"HP OMEN Gaming Laptop,AMD Ryzen 7 6800H,8GB RTX 3070 Ti GPU,16.1-inch (40.9 cm),QHD,IPS,300 nits,165Hz,Windows 11 Home,3 ms Response time,16GB DDR5,1TB SSD,RGB Backlit KB(MSO,Silver,2.37 kg),n0123AX","1,09,990",4.6 out of 5 stars,https://m.media-amazon.com/images/I/71PlJMFYA4L._AC_UY218_.jpg
82,"FUTOPIA All-New ULTIMUS Pro, Celeron N4020c Thin & Light (4GB RAM/128GB eMMC, 14.1-inch (35.8 cm) HD Display/Win 11 Home/Matt Black/1.20 Kg) NU14U3INC43BN-MB","13,990",2.6 out of 5 stars,https://m.media-amazon.com/images/I/61xw4Gt7fqL._AC_UY218_.jpg
83,"HP Pavilion 14, 11th Gen Intel Core i5-1155G7, 14-inch (35.6 cm), FHD, 16GB DDR4, 512GB SSD, Intel Iris Xe Graphics, FPR, Backlit KB, Audio by B&O (Win 11, MSO 2019, Silver, 1.41 kg), dv1001TU","63,990",4.3 out of 5 stars,https://m.media-amazon.com/images/I/714i0XPmw2L._AC_UY218_.jpg
84,"ASUS Vivobook 15, IntelCore i3-1215U 12th Gen, 15.6"" (39.62 cm) FHD, Thin and Light Laptop (8 GB RAM/512GB SSD/Win11/Office 2021/Backlit/42WHr/1.70/Blue), X1504ZA-NJ326WS","36,990",4.5 out of 5 stars,https://m.media-amazon.com/images/I/71qTbS09tjL._AC_UY218_.jpg
85,"HP Laptop 15s, 12th Gen Intel Core i3-1215U, 15.6-inch (39.6 cm), FHD, 8GB DDR4, 512GB SSD, Intel UHD Graphics, Backlit KB, Thin & Light, Dual Speakers (Win 11, MSO 2021, Silver, 1.69 kg), fq5007TU","38,990",4.1 out of 5 stars,https://m.media-amazon.com/images/I/71Blj59DzzL._AC_UY218_.jpg
86,"Samsung Galaxy Book3 Core i7 13th Gen 1355U - (16 GB/512 GB SSD/Windows 11 Home) Galaxy Book3 Thin and Light Laptop  (15.6 Inch, Graphite, 1.58 Kg, with MS Office)","89,990",4.3 out of 5 stars,https://m.media-amazon.com/images/I/71S4rL6SedL._AC_UY218_.jpg
87,"Walkent Stylish 15.6"" Large Laptop Bag | Premium Leather | Flap & Zipper Closure | Waterproof | USB | Side Pockets |For Men, Women, Office, College - Ritzy (28 Ltr, 1 Main Compartment)","2,840",4.3 out of 5 stars,https://m.media-amazon.com/images/I/61M8Z8FrhEL._AC_UL640_QL65_.jpg
89,"Walkent Stylish 15.6"" Large Laptop Bag | Premium Leather | Flap & Zipper Closure | Waterproof | USB | Side Pockets |For Men, Women, Office, College - Ritzy (28 Ltr, 1 Main Compartment)","2,840",4.3 out of 5 stars,https://m.media-amazon.com/images/I/61M8Z8FrhEL._AC_UL640_QL65_.jpg
96,"Lenovo IdeaPad Slim 3 Intel Core i7 11th Gen 15.6"" (39.62cm) FHD Laptop (16GB/512GB SSD/Win 11/Office 2021/1 Year Warranty/Arctic Grey/1.65Kg), 82H803LPIN","27,990",4.0 out of 5 stars,https://m.media-amazon.com/images/W/MEDIAX_792452-T1/images/I/61nC5tJlUEL._AC_UY218_.jpg
97,"Lenovo IdeaPad Slim 3 Intel Core i7 11th Gen 15.6"" (39.62cm) FHD Laptop (16GB/512GB SSD/Win 11/Office 2021/1 Year Warranty/Arctic Grey/1.65Kg), 82H803LPIN","55,990",4.0 out of 5 stars,https://m.media-amazon.com/images/W/MEDIAX_792452-T1/images/I/61nC5tJlUEL._AC_UY218_.jpg
98,Fujitsu UH-X 13th Gen Intel Evo Core i5 14 inch(35.5cm) FHD Thin & Light Laptop (16GB/512GB SSD)/Windows11/Iris Xe Graphics/Backlit/Fingerprint Reader/Black/868gm - 4ZR1M37246 w/Sleeve,"86,990",3.6 out of 5 stars,https://m.media-amazon.com/images/W/MEDIAX_792452-T1/images/I/714TjZtB+hL._AC_UY218_.jpg
100,"MSI Modern 15, Intel 13th Gen. i5-1335U, 40CM FHD 60Hz Laptop (8GB/512GB NVMe SSD/Windows 11 Home/Iris Xe Graphics/Star Blue/1.7Kg), B13M-291IN","44,990",4.4 out of 5 stars,https://m.media-amazon.com/images/W/MEDIAX_792452-T1/images/I/61Jd7B7+CgL._AC_UY218_.jpg
101,"Lenovo IdeaPad D330 Intel Celeron N4020 10.1"" (25cm) HD IPS Detachable 2-in-1 Laptop (4GB/128GB eMMC/Windows 10/1 Yr Warranty/Mineral Grey/1.1Kg), 82H0001YIN","24,990",3.8 out of 5 stars,https://m.media-amazon.com/images/W/MEDIAX_792452-T1/images/I/51gkDWHPvQL._AC_UY218_.jpg
102,"Acer Aspire Lite Premium Metal Laptop 11th Gen Intel Core Ci7-1165G7 Thin and Light Laptop (Windows 11 Home/16GB RAM/1TB SSD/MS Office) AL15-51, 39.62cm (15.6"") Full HD Display, Steel Gray, 1.59 KG","49,990",3.7 out of 5 stars,https://m.media-amazon.com/images/W/MEDIAX_792452-T1/images/I/617rprfdhRL._AC_UY218_.jpg
103,"ASUS Vivobook 15, Intel Core i7-12650H 12th Gen, 15.6"" (39.62 cm) FHD, Thin and Light Laptop (16GB/512GB/Win11/Office 2021/Blue/1.7 kg), X1502ZA-EJ741WS","60,990",3.9 out of 5 stars,https://m.media-amazon.com/images/W/MEDIAX_792452-T1/images/I/71c0GSxtEEL._AC_UY218_.jpg
104,AVITA PURA E NS14A6 Thin & Light 14 (35.56cm) Laptop (AMD R5-3500U/8 GB/512GB SSD/HD TFT Display/Windows 10 Home/Radeon Vega 8 Graphics) 1.344 kg Ink Black (NS14A6INV561-IBB),"21,990",1.8 out of 5 stars,https://m.media-amazon.com/images/W/MEDIAX_792452-T1/images/I/71wmS+SzePL._AC_UY218_.jpg
105,"Acer Aspire 3 Thin and Light Laptop Intel Core i5 12th Generation (Windows 11 Home/8 GB/512 GB SSD) A315-59 with 15.6-inch (39.6 cms) Full HD Display, 1.7 KG, Pure Silver","39,990",1.0 out of 5 stars,https://m.media-amazon.com/images/W/MEDIAX_792452-T1/images/I/81eW38mGOWL._AC_UY218_.jpg
106,"Dell 15 Laptop, Intel Core i5-1135G7 Processor/16GB DDR4/512GB SSD/Intel UHD Graphic/15.6"" (39.562cm) FHD Display/Win 11+MSO'21/15 Month McAfee/Spill-Resistant Keyboard/Carbon/Thin & Light 1.69kg","50,790",3.5 out of 5 stars,https://m.media-amazon.com/images/W/MEDIAX_792452-T1/images/I/51CTXHQux0L._AC_UY218_.jpg
107,"Dell Inspiron 5330 Laptop, Intel Evo Platform Powered by Intel Core i7-1360P Processor/16GB LP DDR5/1TB SSD/13.3"" (33.78cm) QHD+ 300 nits/Win 11 + MSO'21/15 Month McAfee/Platinum Silver/1.24kg","98,990",5.0 out of 5 stars,https://m.media-amazon.com/images/W/MEDIAX_792452-T1/images/I/51knB0kDDCL._AC_UY218_.jpg
108,"Samsung Galaxy Book2 (NP750) Intel 12th Gen core i5 39.6cm (15.6"") FHD Thin & Light Laptop (8 GB/512 GB/Windows 11/MS Office/Backlit Keyboard/Finger Print Reader/Silver/1.55Kg), NP750XED-KC1IN","54,990",4.0 out of 5 stars,https://m.media-amazon.com/images/W/MEDIAX_792452-T1/images/I/71VETao+NEL._AC_UY218_.jpg
109,"MSI Modern 15, Intel 12th Gen. i3-1215U, 40CM FHD 60Hz Laptop (16GB/512GB NVMe SSD/Windows 11 Home/Intel UHD Graphics/Classic Black/1.7Kg), B12M-612IN","36,990",4.2 out of 5 stars,https://m.media-amazon.com/images/W/MEDIAX_792452-T1/images/I/613l2kLVCRL._AC_UY218_.jpg
110,"MSI GF63 Thin, Intel Core i7-11800H, 40CM FHD 144Hz Gaming Laptop (8GBx2/512GB NVMe SSD/Windows 11 Home/Nvidia GeForce RTX 3050, GDDR6 4GB/Black/1.8Kg), 11UC-1293IN","61,990",3.9 out of 5 stars,https://m.media-amazon.com/images/W/MEDIAX_792452-T1/images/I/71odFxm6AQL._AC_UY218_.jpg
111,"HP 250 G8 Notebook PC, 11th Gen Intel Core i3-1115G4 Processor, 15.6 inch(39.6cm) Anti-Glare HD Laptop/8GB RAM/512GB SSD/Numeric Keypad/Intel UHD Graphics/Win 11/1.74 Kgs 6X4B3PA","33,999",3.8 out of 5 stars,https://m.media-amazon.com/images/W/MEDIAX_792452-T1/images/I/71G+U+ae6sL._AC_UY218_.jpg
112,"ASUS Vivobook 15, Intel Core i3-1220P 12th Gen, 15.6"" (39.62 cm) FHD, Thin and Laptop (8GB/512GB SSD/Integrated Graphics/Windows 11/Office 2021/Alexa Built-in/FP Sensor/Blue/1.7 kg), X1502ZA-EJ381WS","39,990",4.0 out of 5 stars,https://m.media-amazon.com/images/W/MEDIAX_792452-T1/images/I/71c0GSxtEEL._AC_UY218_.jpg
113,"MSI Thin GF63, Intel 12th Gen. i5-12450H, 40CM FHD 144Hz Gaming Laptop (16GB/512GB NVMe SSD/Windows 11 Home/Nvidia GeForce RTX 4050, GDDR6 6GB/Black/1.86Kg), A12VE-071IN","74,990",3.7 out of 5 stars,https://m.media-amazon.com/images/W/MEDIAX_792452-T1/images/I/51nifWngl-L._AC_UY218_.jpg
114,"ASUS VivoBook 15, Intel Core i3-1115G4 11th Gen, 15.6"" (39.62 cm) FHD, Thin & Light Laptop (8GB/512GB SSD/Integrated Graphics/Windows 11/Office 2021/Black/1.8 kg), X1500EA-EJ322WS","35,775",4.0 out of 5 stars,https://m.media-amazon.com/images/W/MEDIAX_792452-T1/images/I/61nCATx5xTL._AC_UY218_.jpg
115,"Acer Nitro V Gaming Laptop 13th Gen Intel Core i5-13420H with RTX 4050 Graphics 6GB VRAM, 144Hz Display (16GB DDR5/512GB SSD/Windows 11 Home/Wi-Fi 6),15.6""(39.6cms) FHD ANV15-51","78,990",4.0 out of 5 stars,https://m.media-amazon.com/images/W/MEDIAX_792452-T1/images/I/516qCPpFXkL._AC_UY218_.jpg
116,"FUTOPIA Ultimus Lite Celeron Dual Core N4020 - (8 GB/256 GB SSD/Windows 11 Home) NU14U4INC54BN-CS Thin and Light Laptop (14.1 Inch, Cloud Silver)","16,990",3.3 out of 5 stars,https://m.media-amazon.com/images/W/MEDIAX_792452-T1/images/I/51KDQYrnsIL._AC_UY218_.jpg
117,"MSI GF63 Thin, Intel Core i5-11260H, 40CM FHD 144Hz Gaming Laptop (8GB/512GB NVMe SSD/Windows 11 Home/Nvidia GeForce RTX 2050, GDDR6 4GB/Black/1.8Kg), 11UCX-1471IN","48,990",3.9 out of 5 stars,https://m.media-amazon.com/images/W/MEDIAX_792452-T1/images/I/71eAy6BpcDL._AC_UY218_.jpg
118,"Lenovo S14 Intel Core I5 12th Gen 14"" (35.56 cm) FHD IPS (1920x1080) Antiglare 300Nits Thin and Light Laptop (8GB RAM/512GB SSD/Windows 11 Pro/Backlit/Cloud Grey/1.5 kg/3Y Premium Care), 82TW001DIH","47,990",3.2 out of 5 stars,https://m.media-amazon.com/images/W/MEDIAX_792452-T1/images/I/51dP2Qeo2ML._AC_UY218_.jpg
119,"Lenovo Yoga Slim 6 Intel Evo Core i7 13700H 14""(35.5cm) WUXGA OLED 400Nit Laptop (16GB/512GB SSD/Win 11/Office 2021/Backlit KB/1Yr Warranty/Alexa/3 Month Game Pass/Storm Grey/1.35Kg),83E00007IN","92,990",4.1 out of 5 stars,https://m.media-amazon.com/images/W/MEDIAX_792452-T1/images/I/61roU3blqRL._AC_UY218_.jpg
120,"Lenovo Yoga Slim 6 Intel Evo Core i5 1240P 14""(35.5cm) 2.2K 300Nit Laptop (16GB/512GB SSD/60Hz Refresh/Win 11/Office 2021/Backlit KB/1Yr Warranty/Alexa/3 Month Game Pass/Storm Grey/1.35Kg), 82WU0095IN","63,719",4.1 out of 5 stars,https://m.media-amazon.com/images/W/MEDIAX_792452-T1/images/I/61PM7JLOZGL._AC_UY218_.jpg
121,"MSI Cyborg 15, Intel 12th Gen. i5-12450H, 40CM FHD 144Hz Gaming Laptop (8GBx2/512GB NVMe SSD/Windows 11 Home/Nvidia GeForce RTX4050, 6GB GDDR6/Translucent Black/1.98Kg), A12VE-071IN","82,490",4.1 out of 5 stars,https://m.media-amazon.com/images/W/MEDIAX_792452-T1/images/I/61UQ4m-H+yL._AC_UY218_.jpg
122,"HP Pavilion 14, AMD Ryzen 5-5625U 8GB RAM/512GB SSD 14inches/35.6 cm FHD, IPS Micro-Edge Display/Radeon Graphics/Alexa/B&O Audio/Fast Charge/Win11 Home/MS Office 2021, 14-Ec1003au Windows 11 Home","52,490",4.1 out of 5 stars,https://m.media-amazon.com/images/W/MEDIAX_792452-T1/images/I/718WCH8QsAL._AC_UY218_.jpg
123,"Lenovo IdeaPad Slim 5 Intel Core i5 12450H 14"" (36cm) WUXGA+ IPS 300Nits Laptop (16GB/1TB SSD/Win 11/Office 2021/Backlit KB/FHD 1080p Camera/Alexa/3 Month Game Pass/Cloud Grey/1.89Kg), 83BF0043IN","62,990",4.1 out of 5 stars,https://m.media-amazon.com/images/W/MEDIAX_792452-T1/images/I/61M9wlgnlZL._AC_UY218_.jpg
124,"ASUS VivoBook K15 OLED (2021), 15.6"" (39.62 cms) FHD OLED, Intel Core i3-1115G4 11th Gen, Thin and Light Laptop (8GB/512GB SSD/Integrated Graphics/Office 2021/Windows 11/Black/1.8 Kg) K513EA-L312WS","39,990",4.2 out of 5 stars,https://m.media-amazon.com/images/W/MEDIAX_792452-T1/images/I/71ArdlMYTvL._AC_UY218_.jpg
125,"HP Laptop 15s, 12th Gen Intel Core i3-1215U, 15.6-inch (39.6 cm), FHD, 8GB DDR4, 512GB SSD, Intel UHD Graphics, Backlit KB, Thin & Light, Dual Speakers (Win 11, MSO 2021, Silver, 1.69 kg), fq5007TU","38,990",4.1 out of 5 stars,https://m.media-amazon.com/images/W/MEDIAX_792452-T1/images/I/71Blj59DzzL._AC_UY218_.jpg
126,"AXL VayuBook Laptop 14.1 Inch FHD IPS Display (4GB Ram,128GB SSD) 1920 * 1080 Resolution | HD Gemini Lake N4020 | Windows 11 Home | UHD Graphics 600 (Cloud Silver)","14,990",3.2 out of 5 stars,https://m.media-amazon.com/images/W/MEDIAX_792452-T1/images/I/512eNZ2fcRL._AC_UY218_.jpg
127,"Walkent Stylish 15.6"" Large Laptop Bag | Premium Leather | Flap & Zipper Closure | Waterproof | USB | Side Pockets |For Men, Women, Office, College - Ritzy (28 Ltr, 1 Main Compartment)","2,840",4.3 out of 5 stars,https://m.media-amazon.com/images/W/MEDIAX_792452-T1/images/I/61M8Z8FrhEL._AC_UL640_QL65_.jpg
129,"Walkent Stylish 15.6"" Large Laptop Bag | Premium Leather | Flap & Zipper Closure | Waterproof | USB | Side Pockets |For Men, Women, Office, College - Ritzy (28 Ltr, 1 Main Compartment)","2,840",4.3 out of 5 stars,https://m.media-amazon.com/images/W/MEDIAX_792452-T1/images/I/61M8Z8FrhEL._AC_UL640_QL65_.jpg
136,"Lenovo IdeaPad Slim 3 Intel Core i7 11th Gen 15.6"" (39.62cm) FHD Laptop (16GB/512GB SSD/Win 11/Office 2021/1 Year Warranty/Arctic Grey/1.65Kg), 82H803LPIN","27,990",4.0 out of 5 stars,https://m.media-amazon.com/images/W/MEDIAX_792452-T1/images/I/61nC5tJlUEL._AC_UY218_.jpg
137,"Lenovo IdeaPad Slim 3 Intel Core i7 11th Gen 15.6"" (39.62cm) FHD Laptop (16GB/512GB SSD/Win 11/Office 2021/1 Year Warranty/Arctic Grey/1.65Kg), 82H803LPIN","55,990",4.0 out of 5 stars,https://m.media-amazon.com/images/W/MEDIAX_792452-T1/images/I/61nC5tJlUEL._AC_UY218_.jpg
138,Fujitsu UH-X 13th Gen Intel Evo Core i5 14 inch(35.5cm) FHD Thin & Light Laptop (16GB/512GB SSD)/Windows11/Iris Xe Graphics/Backlit/Fingerprint Reader/Black/868gm - 4ZR1M37246 w/Sleeve,"86,990",3.6 out of 5 stars,https://m.media-amazon.com/images/W/MEDIAX_792452-T1/images/I/714TjZtB+hL._AC_UY218_.jpg
139,"MSI Gaming GF63 Thin, Intel Core i7-11800H, 40CM FHD 144Hz Gaming Laptop (8GB/512GB NVMe SSD/Windows 10 Home/Nvidia GTX1650 4GB GDDR6/ Black/1.86Kg), 11SC-852IN","54,990",4.0 out of 5 stars,https://m.media-amazon.com/images/W/MEDIAX_792452-T1/images/I/61cgS33eaRL._AC_UY218_.jpg
140,"(Refurbished) Lenovo ThinkPad 5th Gen Intel Core i5 Thin & Light HD Laptop (16 GB RAM/256 GB SSD/14"" (35.6 cm) HD/Windows 10 Pro/MS Office/WiFi/Bluetooth/Webcam/Intel Graphics), Black","15,629",3.7 out of 5 stars,https://m.media-amazon.com/images/W/MEDIAX_792452-T1/images/I/6108kY7UAtL._AC_UY218_.jpg
141,"Acer [SmartChoice] One 14 Business Laptop AMD Ryzen 3 3250U Processor (8GB RAM/256GB SSD/AMD Radeon Graphics/Windows 11 Home) Z2-493 with 35.56 cm (14.0"") HD Display","23,990",3.8 out of 5 stars,https://m.media-amazon.com/images/W/MEDIAX_792452-T1/images/I/71LVd5vKMfL._AC_UY218_.jpg
143,"(Refurbished) HP Chromebook x360 8th Gen Intel Core i5 Thin & Light Touchscreen Laptop (8 GB DDR4 RAM/64 GB eMMC SSD/14"" (35.6 cm) FHD/Chrome OS/WiFi/Bluetooth/Webcam/Intel Graphics)","16,800",2.7 out of 5 stars,https://m.media-amazon.com/images/W/MEDIAX_792452-T1/images/I/81EQ3rlLj7L._AC_UY218_.jpg
144,"ASUS Vivobook S15 OLED 2022, 15.6"" 39.62 cm FHD OLED, Intel Core Evo i5-12500H 12th Gen, Thin and Light Laptop (16GB/512GB SSD/Iris Xe Graphics/Windows 11/Office 2021/Black/1.8 kg) K3502ZA-L502WS","67,990",4.0 out of 5 stars,https://m.media-amazon.com/images/W/MEDIAX_792452-T1/images/I/71DBkrxqBDL._AC_UY218_.jpg
145,"Chuwi CoreBook X Laptop 14'', Intel Core i3-1005G1, 8GB RAM 512GB SSD, Windows 11 Laptop, 1920x1200 FHD Display, Up to 3.4Ghz | WiFi 6 | Backlit Keyboard | Webcam | BT5.1 | Type-C","23,990",4.0 out of 5 stars,https://m.media-amazon.com/images/W/MEDIAX_792452-T1/images/I/51szHunq3kL._AC_UY218_.jpg
146,"HONOR MagicBook 15, AMD Ryzen 5 5500U 15.6-inch (39.62 cm) FHD IPS Anti-Glare Thin and Light Laptop (16GB/512GB PCIe SSD/Windows 11/ Metal Body/Fingerprint Login/1.54Kg) Mystic Silver","43,990",4.3 out of 5 stars,https://m.media-amazon.com/images/W/MEDIAX_792452-T1/images/I/71eBotZsUqL._AC_UY218_.jpg
147,"HP Laptop 14s, AMD Ryzen 3 5300U, 14-inch (35.6 cm), FHD, 8GB DDR4, 512GB SSD, AMD Radeon Graphics, Backlit KB, Thin & Light, Dual Speakers (Win 11, MSO 2019, Silver, 1.46 kg), fq1089AU","35,599",4.2 out of 5 stars,https://m.media-amazon.com/images/W/MEDIAX_792452-T1/images/I/71oy56ihiHL._AC_UY218_.jpg
148,"ASUS Vivobook Go 14 (2023), AMD Ryzen 3 7320U, 14-inch (35.56 cm) FHD, Thin & Light Laptop (8GB/512GB SSD/Windows 11/Office 2021/Alexa Built-in/Grey Green/1.38 kg), E1404FA-NK323WS","33,990",4.2 out of 5 stars,https://m.media-amazon.com/images/W/MEDIAX_792452-T1/images/I/711STEpA3IL._AC_UY218_.jpg
149,"Realme Book (Slim) Intel Core I3 11Th Gen - (8 Gb/256 Gb Ssd/Windows 10 Home) Rmnb1001 Thin And Light Laptop (14 Inches, Real Gray, 1.38 Kg, With Ms Office) New","36,990",3.9 out of 5 stars,https://m.media-amazon.com/images/W/MEDIAX_792452-T1/images/I/41mlmB2EajL._AC_UY218_.jpg
150,"Lenovo [SmartChoice] IdeaPad Slim 3 Intel Celeron N4020 4th Gen 15.6"" (39.62cm) HD Thin & Light Laptop (8GB/256GB SSD/Win 11/MSO 2021/2Yr Warranty/3months Game Pass/Platinum Grey/1.7Kg), 81WQ00MQIN","28,000",3.9 out of 5 stars,https://m.media-amazon.com/images/W/MEDIAX_792452-T1/images/I/61INxQM8qtL._AC_UY218_.jpg
151,"HP 250 G8 Notebook PC, 11th Gen Intel Core i3-1115G4 Processor, 15.6 inch(39.6cm) Anti-Glare HD Laptop/8GB RAM/512GB SSD/Numeric Keypad/Intel UHD Graphics/Win 11/1.74 Kgs 6X4B3PA","33,999",3.8 out of 5 stars,https://m.media-amazon.com/images/W/MEDIAX_792452-T1/images/I/71G+U+ae6sL._AC_UY218_.jpg
152,"AXL VayuBook Laptop 14.1 Inch FHD IPS Display (4GB Ram,128GB SSD) 1920 * 1080 Resolution | HD Gemini Lake N4020 | Windows 11 Home | UHD Graphics 600 (Cloud Silver)","14,990",3.2 out of 5 stars,https://m.media-amazon.com/images/W/MEDIAX_792452-T1/images/I/512eNZ2fcRL._AC_UY218_.jpg
154,"[SmartChoice] Lenovo IdeaPad 3 11th Gen Intel Core i3 15.6"" FHD Thin & Light Laptop(8GB/512GB SSD/Windows 11/Office 2021/1Yr Warranty/3months Xbox Game Pass/Platinum Grey/1.7Kg),81X800N2IN","34,990",4.0 out of 5 stars,https://m.media-amazon.com/images/W/MEDIAX_792452-T1/images/I/61jyqpkeJQL._AC_UY218_.jpg
155,"Dell Inspiron 3511 Laptop, Intel Core i3-1115G4/8GB DDR4/512GB SSD/Windows 11 + MSO'21/15.6"" (39.62cm) FHD, 3 Sided Narrow Border Design with FHD display/15 Month McAfee/Carbon Black/1.8kg","37,990",3.9 out of 5 stars,https://m.media-amazon.com/images/W/MEDIAX_792452-T1/images/I/51r-PhkZodL._AC_UY218_.jpg
156,"Lenovo IdeaPad Slim 3 Intel Core i3-1115G4 15.6"" (39.62cm) FHD Thin & Light Laptop (8GB/256GB SSD/Win 11/Office 2021/3 Month Game Pass/1Year Onsite+ 1Year ADP/Arctic Grey/1.65Kg), 82H803U0IN","31,990",4.2 out of 5 stars,https://m.media-amazon.com/images/W/MEDIAX_792452-T1/images/I/51S+BC5sH7L._AC_UY218_.jpg
157,"Lenovo V15 Intel Core i3 12th Gen 15.6"" (39.62 cm) FHD (1920x1080) Antiglare 250 Nits Thin and Light Laptop (8GB RAM/512GB SSD/Windows 11 Home/Iron Grey/1Y Onsite + 1Y ADP Add On/1.7 kg), 82TTA00VIH","33,390",3.9 out of 5 stars,https://m.media-amazon.com/images/W/MEDIAX_792452-T1/images/I/51uMR8hdx9L._AC_UY218_.jpg
159,"Acer Predator Helios Neo 16 Gaming Laptop 13th Gen Intel Core i5 Processor (16 GB/512 GB SSD/Windows 11 Home/NVIDIA ® GeForce RTX ¢ 4050) PHN16-71, (16"") WUXGA Display","1,04,534",4.3 out of 5 stars,https://m.media-amazon.com/images/W/MEDIAX_792452-T1/images/I/81pB730MM8L._AC_UY218_.jpg
160,"Lenovo IdeaPad Flex 5 Ryzen 7 7730U 14""(35.5cm) WUXGA+ IPS 2-in-1 Laptop (16GB/512GB SSD/Win 11/Office 2021/Backlit KB/FPR/FHD Camera/Alexa/3 Month Game Pass/Arctic Grey/1.5Kg),82XX007MIN","70,990",4.4 out of 5 stars,https://m.media-amazon.com/images/W/MEDIAX_792452-T1/images/I/61hJRwJ9xVL._AC_UY218_.jpg
161,"ASUS Vivobook Go 15 (2023), AMD Ryzen 5 7520U, 15.6"" (39.62 cm) FHD, Thin & Light Laptop (16GB/512GB SSD/Windows 11/Office 2021/Alexa Built-in/Mixed Black/1.63 kg), E1504FA-NJ542WS","43,990",4.0 out of 5 stars,https://m.media-amazon.com/images/W/MEDIAX_792452-T1/images/I/61zx5wnGibL._AC_UY218_.jpg
162,"Samsung Galaxy Book3 Pro 360 Intel 13th Gen i5 EvoTM 40.62cm(16"") Touchscreen 2-in-1 3K Display, 120Hz, Thin & Light Laptop(16 GB/512 GB SSD/Windows 11/MS Office/S-Pen/Graphite/1.6Kg), NP960QFG-KA2IN","1,52,990",4.2 out of 5 stars,https://m.media-amazon.com/images/W/MEDIAX_792452-T1/images/I/71ef1yicMJL._AC_UY218_.jpg
163,"ASUS Vivobook Go 14 (2023), AMD Ryzen 3 7320U, 14-inch (35.56 cm) FHD, Thin & Light Laptop (8GB/512GB SSD/Windows 11/Office 2021/Alexa Built-in/Mixed Black/1.38 kg), E1404FA-NK327WS","33,990",4.0 out of 5 stars,https://m.media-amazon.com/images/W/MEDIAX_792452-T1/images/I/71I130RtM-L._AC_UY218_.jpg
164,"ASUS VivoBook 15, Intel Core i3-1115G4 11th Gen, 15.6"" (39.62 cm) FHD, Thin and Light Laptop (8GB/512 SSD/Windows 11/Office 2021/FP Sensor/Transparent Silver/1.8 kg), X1500EA-EJ3379WS","33,010",3.8 out of 5 stars,https://m.media-amazon.com/images/W/MEDIAX_792452-T1/images/I/71yejFYehdL._AC_UY218_.jpg
165,"HP Laptop 15s, 12th Gen Intel Core i3-1215U, 15.6-inch (39.6 cm), FHD, 8GB DDR4, 512GB SSD, Intel UHD Graphics, Backlit KB, Thin & Light, Dual Speakers (Win 11, MSO 2021, Silver, 1.69 kg), fq5007TU","38,990",4.1 out of 5 stars,https://m.media-amazon.com/images/W/MEDIAX_792452-T1/images/I/71Blj59DzzL._AC_UY218_.jpg
166,"ASUS Vivobook 15, Intel Core i3-1220P 12th Gen, 15.6"" (39.62 cm) FHD, Thin and Laptop (8GB/512GB SSD/Integrated Graphics/Windows 11/Office 2021/Alexa Built-in/FP Sensor/Blue/1.7 kg), X1502ZA-EJ381WS","39,990",4.0 out of 5 stars,https://m.media-amazon.com/images/W/MEDIAX_792452-T1/images/I/71c0GSxtEEL._AC_UY218_.jpg
167,"Walkent Stylish 15.6"" Large Laptop Bag | Premium Leather | Flap & Zipper Closure | Waterproof | USB | Side Pockets |For Men, Women, Office, College - Ritzy (28 Ltr, 1 Main Compartment)","2,840",4.3 out of 5 stars,https://m.media-amazon.com/images/W/MEDIAX_792452-T1/images/I/61M8Z8FrhEL._AC_UL640_QL65_.jpg
169,"Walkent Stylish 15.6"" Large Laptop Bag | Premium Leather | Flap & Zipper Closure | Waterproof | USB | Side Pockets |For Men, Women, Office, College - Ritzy (28 Ltr, 1 Main Compartment)","2,840",4.3 out of 5 stars,https://m.media-amazon.com/images/W/MEDIAX_792452-T1/images/I/61M8Z8FrhEL._AC_UL640_QL65_.jpg
176,"Lenovo IdeaPad Slim 3 Intel Core i7 11th Gen 15.6"" (39.62cm) FHD Laptop (16GB/512GB SSD/Win 11/Office 2021/1 Year Warranty/Arctic Grey/1.65Kg), 82H803LPIN","27,990",4.0 out of 5 stars,https://m.media-amazon.com/images/W/MEDIAX_792452-T1/images/I/61nC5tJlUEL._AC_UY218_.jpg
177,"Lenovo IdeaPad Slim 3 Intel Core i7 11th Gen 15.6"" (39.62cm) FHD Laptop (16GB/512GB SSD/Win 11/Office 2021/1 Year Warranty/Arctic Grey/1.65Kg), 82H803LPIN","55,990",4.0 out of 5 stars,https://m.media-amazon.com/images/W/MEDIAX_792452-T1/images/I/61nC5tJlUEL._AC_UY218_.jpg
178,Fujitsu UH-X 13th Gen Intel Evo Core i5 14 inch(35.5cm) FHD Thin & Light Laptop (16GB/512GB SSD)/Windows11/Iris Xe Graphics/Backlit/Fingerprint Reader/Black/868gm - 4ZR1M37246 w/Sleeve,"86,990",3.6 out of 5 stars,https://m.media-amazon.com/images/W/MEDIAX_792452-T1/images/I/714TjZtB+hL._AC_UY218_.jpg
179,"MSI Gaming GF63 Thin, Intel Core i7-11800H, 40CM FHD 144Hz Gaming Laptop (8GB/512GB NVMe SSD/Windows 10 Home/Nvidia GTX1650 4GB GDDR6/ Black/1.86Kg), 11SC-852IN","54,990",4.0 out of 5 stars,https://m.media-amazon.com/images/W/MEDIAX_792452-T1/images/I/61cgS33eaRL._AC_UY218_.jpg
180,"HP [Smart Choice] Victus Gaming Laptop AMD Ryzen 5 5600H 15.6 ""(39.6 cm) FHD IPS (8GB RAM/512GB SSD/AMD Radeon RX 6500M Graphics(4GB GDDR6)/144Hz/9ms Response time/Backlit KB/B&O/Win 11),15-fb0777AX","53,990",3.8 out of 5 stars,https://m.media-amazon.com/images/W/MEDIAX_792452-T1/images/I/81CgXmspz7L._AC_UY218_.jpg
181,"(Refurbished) Lenovo ThinkPad 5th Gen Intel Core i5 Thin & Light HD Laptop (16 GB RAM/256 GB SSD/14"" (35.6 cm) HD/Windows 10 Pro/MS Office/WiFi/Bluetooth/Webcam/Intel Graphics), Black","15,629",3.7 out of 5 stars,https://m.media-amazon.com/images/W/MEDIAX_792452-T1/images/I/6108kY7UAtL._AC_UY218_.jpg
182,"Lenovo Ideapad Gaming 3 AMD Ryzen 5 5600H 15.6"" (39.62cm) FHD IPS Gaming Laptop (8GB/512GB SSD/4GB NVIDIA GTX 1650/120Hz/Win 11/Backlit Keyboard/3months Game Pass/Shadow Black/2.25Kg), 82K2025WIN","53,600",4.1 out of 5 stars,https://m.media-amazon.com/images/W/MEDIAX_792452-T1/images/I/61Hj8lYXT-L._AC_UY218_.jpg
183,"Acer [SmartChoice] One 14 Business Laptop AMD Ryzen 3 3250U Processor (8GB RAM/256GB SSD/AMD Radeon Graphics/Windows 11 Home) Z2-493 with 35.56 cm (14.0"") HD Display","23,990",3.8 out of 5 stars,https://m.media-amazon.com/images/W/MEDIAX_792452-T1/images/I/71LVd5vKMfL._AC_UY218_.jpg
184,"ASUS [SmartChoice] Vivobook S15 OLED 2022, 15.6""(39.62 cm) FHD OLED, Intel Core Evo i5-12500H 12th Gen, T&L Laptop (16GB/512GB SSD/Iris Xe Graphics/Win 11/MSO '21/Grey/1.8 kg), K3502ZA-L501WS","67,990",4.0 out of 5 stars,https://m.media-amazon.com/images/W/MEDIAX_792452-T1/images/I/71s8bpZQfJL._AC_UY218_.jpg
186,"(Refurbished) HP Chromebook x360 8th Gen Intel Core i5 Thin & Light Touchscreen Laptop (8 GB DDR4 RAM/64 GB eMMC SSD/14"" (35.6 cm) FHD/Chrome OS/WiFi/Bluetooth/Webcam/Intel Graphics)","16,800",2.7 out of 5 stars,https://m.media-amazon.com/images/W/MEDIAX_792452-T1/images/I/81EQ3rlLj7L._AC_UY218_.jpg
187,"Chuwi CoreBook X Laptop 14'', Intel Core i3-1005G1, 8GB RAM 512GB SSD, Windows 11 Laptop, 1920x1200 FHD Display, Up to 3.4Ghz | WiFi 6 | Backlit Keyboard | Webcam | BT5.1 | Type-C","23,990",4.0 out of 5 stars,https://m.media-amazon.com/images/W/MEDIAX_792452-T1/images/I/51szHunq3kL._AC_UY218_.jpg
188,"ASUS [SmartChoice] TUF Gaming Laptop F15, Intel Core i5-11400H 11th Gen, 15.6"" (39.62 cm) FHD 144Hz, (16GB/512GB SSD/4GB NVIDIA GeForce RTX 2050/Win 11/ RGB Backlit KB/Black/2.30 kg), FX506HF-HN025W","56,990",3.9 out of 5 stars,https://m.media-amazon.com/images/W/MEDIAX_792452-T1/images/I/71-Fx3Vfq5L._AC_UY218_.jpg
189,"HONOR MagicBook 15, AMD Ryzen 5 5500U 15.6-inch (39.62 cm) FHD IPS Anti-Glare Thin and Light Laptop (16GB/512GB PCIe SSD/Windows 11/ Metal Body/Fingerprint Login/1.54Kg) Mystic Silver","43,990",4.3 out of 5 stars,https://m.media-amazon.com/images/W/MEDIAX_792452-T1/images/I/71eBotZsUqL._AC_UY218_.jpg
190,"HP Laptop 14s, AMD Ryzen 3 5300U, 14-inch (35.6 cm), FHD, 8GB DDR4, 512GB SSD, AMD Radeon Graphics, Backlit KB, Thin & Light, Dual Speakers (Win 11, MSO 2019, Silver, 1.46 kg), fq1089AU","35,599",4.2 out of 5 stars,https://m.media-amazon.com/images/W/MEDIAX_792452-T1/images/I/71oy56ihiHL._AC_UY218_.jpg
191,"HP 250 G8 Notebook PC, 11th Gen Intel Core i3-1115G4 Processor, 15.6 inch(39.6cm) Anti-Glare HD Laptop/8GB RAM/512GB SSD/Numeric Keypad/Intel UHD Graphics/Win 11/1.74 Kgs 6X4B3PA","33,999",3.8 out of 5 stars,https://m.media-amazon.com/images/W/MEDIAX_792452-T1/images/I/71G+U+ae6sL._AC_UY218_.jpg
192,"AXL VayuBook Laptop 14.1 Inch FHD IPS Display (4GB Ram,128GB SSD) 1920 * 1080 Resolution | HD Gemini Lake N4020 | Windows 11 Home | UHD Graphics 600 (Cloud Silver)","14,990",3.2 out of 5 stars,https://m.media-amazon.com/images/W/MEDIAX_792452-T1/images/I/512eNZ2fcRL._AC_UY218_.jpg
193,"Lenovo IdeaPad 1 Intel Core Celeron N4020 14"" HD Thin and Light Laptop (4 GB/256GB SDD/Windows 11 Home/1Yr Warranty/Cloud Grey/1.3Kg), 82V6005CIN","21,990",3.5 out of 5 stars,https://m.media-amazon.com/images/W/MEDIAX_792452-T1/images/I/71VmRFFkrsL._AC_UY218_.jpg
194,"ASUS Vivobook Go 14 (2023), AMD Ryzen 3 7320U, 14-inch (35.56 cm) FHD, Thin & Light Laptop (8GB/512GB SSD/Windows 11/Office 2021/Alexa Built-in/Grey Green/1.38 kg), E1404FA-NK323WS","33,990",4.2 out of 5 stars,https://m.media-amazon.com/images/W/MEDIAX_792452-T1/images/I/711STEpA3IL._AC_UY218_.jpg
195,"Realme Book (Slim) Intel Core I3 11Th Gen - (8 Gb/256 Gb Ssd/Windows 10 Home) Rmnb1001 Thin And Light Laptop (14 Inches, Real Gray, 1.38 Kg, With Ms Office) New","36,990",3.9 out of 5 stars,https://m.media-amazon.com/images/W/MEDIAX_792452-T1/images/I/41mlmB2EajL._AC_UY218_.jpg
196,"Lenovo [SmartChoice] IdeaPad Slim 3 Intel Celeron N4020 4th Gen 15.6"" (39.62cm) HD Thin & Light Laptop (8GB/256GB SSD/Win 11/MSO 2021/2Yr Warranty/3months Game Pass/Platinum Grey/1.7Kg), 81WQ00MQIN","28,000",3.9 out of 5 stars,https://m.media-amazon.com/images/W/MEDIAX_792452-T1/images/I/61INxQM8qtL._AC_UY218_.jpg
197,"ASUS Zenbook 14X OLED, Intel Core i5-12500H 12th Gen, 14"" (35.56 cm) 2.8K 90Hz OLED, Thin and Light Laptop (16GB/512GB/Win11/Office 2021/Fingerprint/Grey/1.4 kg), UX5401ZA-KM541WS","69,990",4.0 out of 5 stars,https://m.media-amazon.com/images/W/MEDIAX_792452-T1/images/I/711jtvyLkKL._AC_UY218_.jpg
199,"[SmartChoice] Lenovo IdeaPad 3 11th Gen Intel Core i3 15.6"" FHD Thin & Light Laptop(8GB/512GB SSD/Windows 11/Office 2021/1Yr Warranty/3months Xbox Game Pass/Platinum Grey/1.7Kg),81X800N2IN","34,990",4.0 out of 5 stars,https://m.media-amazon.com/images/W/MEDIAX_792452-T1/images/I/61jyqpkeJQL._AC_UY218_.jpg
200,"Dell G15 5520 Gaming Laptop, Intel i5-12500H,16GB DDR5,512GB SSD,NVIDIA RTX 3050 (4GB GDDR6),15.6""(39.62cm) FHD WVA AG 120Hz 250 nits, Backlit KB Orange, Win 11 + MSO'21,Dark Shadow Grey,2.81kg","70,990",4.1 out of 5 stars,https://m.media-amazon.com/images/W/MEDIAX_792452-T1/images/I/51jUcRK69ML._AC_UY218_.jpg
201,"HP Laptop 15s, Ryzen 5 5500U, 15.6-inch (39.6 cm) FHD, Anti-Glare, 16GB DDR4, 512GB SSD, AMD Radeon Graphics, Dual Speakers, Backlit KB (Win 11,MSO, Natural Silver, 1.69 kg), 15s-eq2132au","43,790",3.6 out of 5 stars,https://m.media-amazon.com/images/W/MEDIAX_792452-T1/images/I/7151VAWe3RL._AC_UY218_.jpg
202,"Dell Inspiron 3511 Laptop, Intel Core i3-1115G4/8GB DDR4/512GB SSD/Windows 11 + MSO'21/15.6"" (39.62cm) FHD, 3 Sided Narrow Border Design with FHD display/15 Month McAfee/Carbon Black/1.8kg","37,990",3.9 out of 5 stars,https://m.media-amazon.com/images/W/MEDIAX_792452-T1/images/I/51r-PhkZodL._AC_UY218_.jpg
203,"ASUS Creator Series Vivobook 16X 2023, Intel Core i5-12450H 12th Gen, 16.0-inch FHD+ 120Hz, Laptop (16GB/512GB SSD/NVIDIA GeForce RTX 2050/Win11/FP/Black/1.80 kg),K3605ZF-MB541WS","62,990",3.7 out of 5 stars,https://m.media-amazon.com/images/W/MEDIAX_792452-T1/images/I/71tGjGxis6L._AC_UY218_.jpg
204,"ASUS Vivobook 16X (2022), AMD Ryzen 5 5600H, 16"" (40.64 cms) FHD+, Thin and Laptop (16GB/512GB SSD/Windows 11/Office 2021/Alexa Built-in/Backlit KB/FP Sensor/Silver/1.88 kg), M1603QA-MB512WS","50,490",3.9 out of 5 stars,https://m.media-amazon.com/images/W/MEDIAX_792452-T1/images/I/71HD+TwPD8L._AC_UY218_.jpg
205,"HP Laptop 15s, 12th Gen Intel Core i3-1215U, 15.6-inch (39.6 cm), FHD, 8GB DDR4, 512GB SSD, Intel UHD Graphics, Backlit KB, Thin & Light, Dual Speakers (Win 11, MSO 2021, Silver, 1.69 kg), fq5007TU","38,990",4.1 out of 5 stars,https://m.media-amazon.com/images/W/MEDIAX_792452-T1/images/I/71Blj59DzzL._AC_UY218_.jpg
206,"ASUS Vivobook 15, Intel Core i3-1220P 12th Gen, 15.6"" (39.62 cm) FHD, Thin and Laptop (8GB/512GB SSD/Integrated Graphics/Windows 11/Office 2021/Alexa Built-in/FP Sensor/Blue/1.7 kg), X1502ZA-EJ381WS","39,990",4.0 out of 5 stars,https://m.media-amazon.com/images/W/MEDIAX_792452-T1/images/I/71c0GSxtEEL._AC_UY218_.jpg
207,"Proffisy Aluminum Laptop Cooling Pad with One Big Quiet Cooling Fan, Laptop Cooler Stand with 7 Height Adjustable, Notebook Cooler pad for Laptop 17 15.6 14 13 12 Inch Two USB Ports (Black)","1,759",4.1 out of 5 stars,https://m.media-amazon.com/images/W/MEDIAX_792452-T1/images/I/61o4YUekU+L._AC_UL640_QL65_.jpg
209,"Proffisy Aluminum Laptop Cooling Pad with One Big Quiet Cooling Fan, Laptop Cooler Stand with 7 Height Adjustable, Notebook Cooler pad for Laptop 17 15.6 14 13 12 Inch Two USB Ports (Black)","1,759",4.1 out of 5 stars,https://m.media-amazon.com/images/W/MEDIAX_792452-T1/images/I/61o4YUekU+L._AC_UL640_QL65_.jpg
216,"Lenovo IdeaPad Slim 3 Intel Core i7 11th Gen 15.6"" (39.62cm) FHD Laptop (16GB/512GB SSD/Win 11/Office 2021/1 Year Warranty/Arctic Grey/1.65Kg), 82H803LPIN","1,495",4.0 out of 5 stars,https://m.media-amazon.com/images/W/MEDIAX_792452-T1/images/I/61nC5tJlUEL._AC_UY218_.jpg
217,"Lenovo IdeaPad Slim 3 Intel Core i7 11th Gen 15.6"" (39.62cm) FHD Laptop (16GB/512GB SSD/Win 11/Office 2021/1 Year Warranty/Arctic Grey/1.65Kg), 82H803LPIN","55,990",4.0 out of 5 stars,https://m.media-amazon.com/images/W/MEDIAX_792452-T1/images/I/61nC5tJlUEL._AC_UY218_.jpg
218,Fujitsu UH-X 13th Gen Intel Evo Core i5 14 inch(35.5cm) FHD Thin & Light Laptop (16GB/512GB SSD)/Windows11/Iris Xe Graphics/Backlit/Fingerprint Reader/Black/868gm - 4ZR1M37246 w/Sleeve,"86,990",3.6 out of 5 stars,https://m.media-amazon.com/images/W/MEDIAX_792452-T1/images/I/714TjZtB+hL._AC_UY218_.jpg
219,"ASUS TUF Gaming A15, 15.6"" (39.62 cm) FHD 144Hz, AMD Ryzen 9 5900HX, 6GB RTX 3060, Gaming Laptop (16GB/512GB SSD/90WHrs Battery/Windows 11/Black/2.30 Kg), FA506QM-HN124W","95,990",4.2 out of 5 stars,https://m.media-amazon.com/images/W/MEDIAX_792452-T1/images/I/81UWgnVKDBL._AC_UY218_.jpg
220,"Lenovo Yoga Slim7 ProX Intel Evo i7 12700H 14.5""(36.8cm) QHD 400Nit Touch Creator Laptop(16GB/1TB SSD/NVIDIA RTX 3050/Win 11/Office 2021/Backlit KB/IR Camera/Alexa/3Yr Warranty/Grey/1.45Kg) 82TK00AFIN","1,24,990",3.6 out of 5 stars,https://m.media-amazon.com/images/W/MEDIAX_792452-T1/images/I/6168gZaEphL._AC_UY218_.jpg
221,(Refurbished) DELL LATITUDE 7490 (Core i5 8th GEN/ 16GB RAM/ 512GB SSD/ WEBCAM/ 14'' NON TOUCH/ WIN-10 PRO),"25,670",3.6 out of 5 stars,https://m.media-amazon.com/images/W/MEDIAX_792452-T1/images/I/51fW3yJzoNL._AC_UY218_.jpg
222,"MSI Modern 15, Intel 13th Gen. i5-1335U, 40CM FHD 60Hz Laptop (16GB/512GB NVMe SSD/Windows 11 Home/Iris Xe Graphics/Classic Black/1.7Kg), B13M-289IN","50,591",4.0 out of 5 stars,https://m.media-amazon.com/images/W/MEDIAX_792452-T1/images/I/71eLe8RYffL._AC_UY218_.jpg
223,"MSI Sword 15 A12VF, Intel 12th Gen. i7-12650H, 40CM FHD 144Hz Gaming Laptop (16GB/1TB NVMe SSD/Windows 11 Home/Nvidia GeForce RTX4050, 6GB GDDR6/White/2.25Kg), A12VE-402IN","97,990",4.0 out of 5 stars,https://m.media-amazon.com/images/W/MEDIAX_792452-T1/images/I/71cRA3lD-8L._AC_UY218_.jpg
224,"ASUS Vivobook Go 15 (OLED) 2023, AMD Ryzen 5 7520U, 15.6"" (39.62 cm) FHD OLED, Thin & Light Laptop (16GB/512GB SSD/Windows 11/Office 2021/Alexa Built-in/Backlit KB/Black/1.63 kg), E1504FA-LK542WS","50,875",3.8 out of 5 stars,https://m.media-amazon.com/images/W/MEDIAX_792452-T1/images/I/71nAEVpqXuL._AC_UY218_.jpg
225,"Chuwi HeroBook Pro 14.1'' Laptop, 8GB RAM 256GB SSD, Windows 11 Laptop, 1TB SSD Expand, Intel Celeron N4020(up to 2.8GHz), FHD IPS Display, Ultra Slim, Mini-HDMI, USB3.0, Webcam,TF Card","18,990",3.7 out of 5 stars,https://m.media-amazon.com/images/W/MEDIAX_792452-T1/images/I/61Iyy+2damL._AC_UY218_.jpg
226,"ASUS Vivobook 14X OLED, Intel Core i9-13900H 13th Gen, 14"" (35.56 cm) 2.8K 90Hz OLED, Creator Laptop (16 GB RAM/1TB SSD/4GB RTX 3050/Win11//Backlit KB/Fingerprint/Silver/1.45 kg), K3405VCB-KM952WS","1,09,990",4.0 out of 5 stars,https://m.media-amazon.com/images/W/MEDIAX_792452-T1/images/I/71BB+l-+QtL._AC_UY218_.jpg
227,"Lenovo IdeaPad Gaming 3 AMD Ryzen 5 5500H 15.6"" (39.62cm) FHD IPS 300nits 144Hz Gaming Laptop (8GB/512GB SSD/Windows 11/NVIDIA RTX 2050 4GB/Alexa/3 Month Game Pass/Onyx Grey/2.32Kg), 82K20289IN","48,990",4.1 out of 5 stars,https://m.media-amazon.com/images/W/MEDIAX_792452-T1/images/I/61PeZXpc5-L._AC_UY218_.jpg
228,"Dell Inspiron 3520 Laptop, Intel Core i5-1235U Processor/8GB/1TB + 256GB SSD/15.6"" (39.62cm) FHD, 3 Sided Narrow Border Design Display/Windows 11 + MSO'21/15 Month McAfee/Black/Thin & Light-1.65kg","50,131",3.8 out of 5 stars,https://m.media-amazon.com/images/W/MEDIAX_792452-T1/images/I/51bW2WxLEYL._AC_UY218_.jpg
229,"Lenovo V15 Intel Celeron N4500 15.6"" (39.62 cm) FHD (1920x1080) Antiglare 250 Nits Thin and Light Laptop (8GB RAM/256GB SSD/Windows 11 Home/Black/1Y Onsite/1.7 kg), 82QYA00MIN","23,990",3.8 out of 5 stars,https://m.media-amazon.com/images/W/MEDIAX_792452-T1/images/I/31uLEZHhMDL._AC_UY218_.jpg
230,"Dell G16-7630 Gaming Laptop, Intel Core i9-13900HX Processor/16GB DDR5/1TB SSD/NVIDIA RTX 4060 8GB GDDR6/16 (40.64cm) QHD+ 240Hz/Windows 11+MSO'21/McAfee 15 Month/Backlit KB RGB/Quantum White/2.87kg","1,82,990",2.1 out of 5 stars,https://m.media-amazon.com/images/W/MEDIAX_792452-T1/images/I/6160kWpp6IL._AC_UY218_.jpg
231,"HP 250 G8 Notebook PC, 11th Gen Intel Core i3-1115G4 Processor, 15.6 inch(39.6cm) Anti-Glare HD Laptop/8GB RAM/512GB SSD/Numeric Keypad/Intel UHD Graphics/Win 11/1.74 Kgs 6X4B3PA","33,999",3.8 out of 5 stars,https://m.media-amazon.com/images/W/MEDIAX_792452-T1/images/I/71G+U+ae6sL._AC_UY218_.jpg
232,"ASUS Vivobook 15, Intel Core i3-1220P 12th Gen, 15.6"" (39.62 cm) FHD, Thin and Laptop (8GB/512GB SSD/Integrated Graphics/Windows 11/Office 2021/Alexa Built-in/FP Sensor/Blue/1.7 kg), X1502ZA-EJ381WS","39,990",4.0 out of 5 stars,https://m.media-amazon.com/images/W/MEDIAX_792452-T1/images/I/71c0GSxtEEL._AC_UY218_.jpg
233,Acer Extensa 15 Intel Core i3 N305 8 core Processor (8 GB/512 GB SSD/Win11 Home/MS Office Home and Student/Intel UHD Graphics/1.7 KG/Silver) EX215-33 FHD Display Laptop,"35,450",4.0 out of 5 stars,https://m.media-amazon.com/images/W/MEDIAX_792452-T1/images/I/71IfO70KcRL._AC_UY218_.jpg
234,"Samsung Galaxy Book3 360 Intel 13th Gen i7 EvoTM 33.78cm(13.3"") Super Amoled 2-in-1 Touchscreen Laptop (16 GB/512GB SSD/Windows11/MSOffice/BacklitKB/Fingerprint Sensor/Graphite/1.16Kg), NP730QFG-KA1IN","1,17,990",3.4 out of 5 stars,https://m.media-amazon.com/images/W/MEDIAX_792452-T1/images/I/71tPWK3MzHL._AC_UY218_.jpg
235,"ASUS Vivobook S 14 Flip (2022), 14-inch (35.56 cms) FHD+ 16:10 Touch, AMD Ryzen 7 5800HS, 2-in-1 Laptop (16GB/512GB SSD/Integrated Graphics/Windows 11/Office 2021/Silver/1.5 kg), TN3402QA-LZ741WS","70,930",4.1 out of 5 stars,https://m.media-amazon.com/images/W/MEDIAX_792452-T1/images/I/61t5-ZvVicL._AC_UY218_.jpg
236,"(Refurbished) Dell Latitude Laptop 7480 Intel Core i5 - 6300u Processor 6th Gen, 8 GB Ram & 256 GB SSD, 14.1 Inches (Ultra Slim & Feather Light 1.48KG) Notebook Computer","17,999",5.0 out of 5 stars,https://m.media-amazon.com/images/W/MEDIAX_792452-T1/images/I/61PC-3noieL._AC_UY218_.jpg
237,"ASUS Vivobook S15 OLED 2022, 15.6"" 39.62 cm FHD OLED, Intel Core EVO i5-12500H 12th Gen, Thin and Light Laptop (16GB/512GB SSD/Iris Xe Graphics/Windows 11/Office 2021/Black/1.8 kg), S3502ZA-L502WS","67,990",4.0 out of 5 stars,https://m.media-amazon.com/images/W/MEDIAX_792452-T1/images/I/71jmTKE16uL._AC_UY218_.jpg
239,"Dell 14 Laptop, AMD Ryzen 5-5500U/ 8GB- 2 DIMM Slots (Expandable to 16GB)/ 512GB/ 14.0"" (35.56cm) FHD Display 250 Nits/Windows 11 + MSO'21/15 Month McAfee/AMD Radeon Graphics/Black/Thin & Light-1.48kg","38,490",3.6 out of 5 stars,https://m.media-amazon.com/images/W/MEDIAX_792452-T1/images/I/51WPeuiixmL._AC_UY218_.jpg
240,"Lenovo IdeaPad Slim 5 Intel Core i7 13700H 16"" (40.6cm) 2.5K IPS 350Nits Laptop (16GB/1TB SSD/Win 11/Office 2021/Backlit KB/FHD 1080p +IR Camera/Alexa/3 Month Game Pass/Cloud Grey/1.9Kg), 82XF0078IN","88,990",4.5 out of 5 stars,https://m.media-amazon.com/images/W/MEDIAX_792452-T1/images/I/61yurrn731L._AC_UY218_.jpg
241,"HP Victus Gaming Laptop, 11th Gen Intel Core i5-11400H, NVIDIA GTX 1650 GPU, 16.1-inch (40.9 cm), FHD, IPS, 144Hz, 7 ms Response time, 8GB DDR4, 512GB SSD, Backlit KB (MSO, Silver, 2.48 kg), d0310TX","54,990",3.6 out of 5 stars,https://m.media-amazon.com/images/W/MEDIAX_792452-T1/images/I/71wa5QWCfML._AC_UY218_.jpg
242,"HP Chromebook x360 Intel Celeron N4120 14 inch(35.6 cm) Micro-Edge, Touchscreen, 2-in-1 Laptop (4GB RAM/64GB eMMC/Chrome 64/UHD Graphics,1.49kg), 14a-ca0504TU & v236w USB 2.0 64GB Pen Drive, Metal","21,367",4.7 out of 5 stars,https://m.media-amazon.com/images/W/MEDIAX_792452-T1/images/I/91DEsT5VqmL._AC_UY218_.jpg
243,"HP ProBook 445 G8 Notebook PC, AMD Ryzen 7 5800U Processor, 14 inch(35.6cm) Anti-Glare FHD Laptop/8GB RAM/512GB SSD/AMD Radeon Graphics/DOS/1.37 Kgs 7K2K0PA","45,490",3.7 out of 5 stars,https://m.media-amazon.com/images/W/MEDIAX_792452-T1/images/I/61WS4xoCvvL._AC_UY218_.jpg
245,"HP Laptop 15s, 12th Gen Intel Core i3-1215U, 15.6-inch (39.6 cm), FHD, 8GB DDR4, 512GB SSD, Intel UHD Graphics, Backlit KB, Thin & Light, Dual Speakers (Win 11, MSO 2021, Silver, 1.69 kg), fq5007TU","38,990",4.1 out of 5 stars,https://m.media-amazon.com/images/W/MEDIAX_792452-T1/images/I/71Blj59DzzL._AC_UY218_.jpg
246,"AGB Octev GA-9009 15.6"" Laptop (Core i7-1165G7 11th Gen, 16GB RAM / 512GB SSD/Iris Xe/MX 450 / Win 11 Pro/Aluminium Body","55,000",2.0 out of 5 stars,https://m.media-amazon.com/images/W/MEDIAX_792452-T1/images/I/81OD81DIU5L._AC_UY218_.jpg
247,"Walkent Stylish 15.6"" Large Laptop Bag | Premium Leather | Flap & Zipper Closure | Waterproof | USB | Side Pockets |For Men, Women, Office, College - Ritzy (28 Ltr, 1 Main Compartment)","2,840",4.3 out of 5 stars,https://m.media-amazon.com/images/W/MEDIAX_792452-T1/images/I/61M8Z8FrhEL._AC_UL640_QL65_.jpg
249,"Walkent Stylish 15.6"" Large Laptop Bag | Premium Leather | Flap & Zipper Closure | Waterproof | USB | Side Pockets |For Men, Women, Office, College - Ritzy (28 Ltr, 1 Main Compartment)","2,840",4.3 out of 5 stars,https://m.media-amazon.com/images/W/MEDIAX_792452-T1/images/I/61M8Z8FrhEL._AC_UL640_QL65_.jpg
256,"Lenovo IdeaPad Slim 3 Intel Core i7 11th Gen 15.6"" (39.62cm) FHD Laptop (16GB/512GB SSD/Win 11/Office 2021/1 Year Warranty/Arctic Grey/1.65Kg), 82H803LPIN","27,990",4.0 out of 5 stars,https://m.media-amazon.com/images/W/MEDIAX_792452-T2/images/I/61nC5tJlUEL._AC_UY218_.jpg
257,"Lenovo IdeaPad Slim 3 Intel Core i7 11th Gen 15.6"" (39.62cm) FHD Laptop (16GB/512GB SSD/Win 11/Office 2021/1 Year Warranty/Arctic Grey/1.65Kg), 82H803LPIN","55,990",4.0 out of 5 stars,https://m.media-amazon.com/images/W/MEDIAX_792452-T2/images/I/61nC5tJlUEL._AC_UY218_.jpg
258,Fujitsu UH-X 13th Gen Intel Evo Core i5 14 inch(35.5cm) FHD Thin & Light Laptop (16GB/512GB SSD)/Windows11/Iris Xe Graphics/Backlit/Fingerprint Reader/Black/868gm - 4ZR1M37246 w/Sleeve,"86,990",3.6 out of 5 stars,https://m.media-amazon.com/images/W/MEDIAX_792452-T2/images/I/714TjZtB+hL._AC_UY218_.jpg
259,"HP Victus Gaming Laptop,12th Gen Intel Core i5-12450H,NVIDIA RTX 3050 GPU,15.6-inch (39.6 cm),FHD,IPS,144Hz,Windows 11 Home,9 ms Response time,16GB DDR4,512GB SSD,Backlit KB(MSO,Blue,2.29 kg) fa0666TX","70,990",4.0 out of 5 stars,https://m.media-amazon.com/images/W/MEDIAX_792452-T2/images/I/71h9nOTd93L._AC_UY218_.jpg
260,"ASUS TUF Gaming A15, 15.6"" (39.62 cm) FHD 144Hz, AMD Ryzen 9 5900HX, 6GB RTX 3060, Gaming Laptop (16GB/512GB SSD/90WHrs Battery/Windows 11/Black/2.30 Kg), FA506QM-HN124W","95,990",4.2 out of 5 stars,https://m.media-amazon.com/images/W/MEDIAX_792452-T2/images/I/81UWgnVKDBL._AC_UY218_.jpg
261,"Lenovo Yoga Slim7 ProX Intel Evo i7 12700H 14.5""(36.8cm) QHD 400Nit Touch Creator Laptop(16GB/1TB SSD/NVIDIA RTX 3050/Win 11/Office 2021/Backlit KB/IR Camera/Alexa/3Yr Warranty/Grey/1.45Kg) 82TK00AFIN","1,24,990",3.6 out of 5 stars,https://m.media-amazon.com/images/W/MEDIAX_792452-T2/images/I/6168gZaEphL._AC_UY218_.jpg
262,(Refurbished) DELL LATITUDE 7490 (Core i5 8th GEN/ 16GB RAM/ 512GB SSD/ WEBCAM/ 14'' NON TOUCH/ WIN-10 PRO),"25,670",3.6 out of 5 stars,https://m.media-amazon.com/images/W/MEDIAX_792452-T2/images/I/51fW3yJzoNL._AC_UY218_.jpg
263,"MSI Modern 15, Intel 13th Gen. i5-1335U, 40CM FHD 60Hz Laptop (16GB/512GB NVMe SSD/Windows 11 Home/Iris Xe Graphics/Classic Black/1.7Kg), B13M-289IN","50,591",4.0 out of 5 stars,https://m.media-amazon.com/images/W/MEDIAX_792452-T2/images/I/71eLe8RYffL._AC_UY218_.jpg
264,"MSI Sword 15 A12VF, Intel 12th Gen. i7-12650H, 40CM FHD 144Hz Gaming Laptop (16GB/1TB NVMe SSD/Windows 11 Home/Nvidia GeForce RTX4050, 6GB GDDR6/White/2.25Kg), A12VE-402IN","97,990",4.0 out of 5 stars,https://m.media-amazon.com/images/W/MEDIAX_792452-T2/images/I/71cRA3lD-8L._AC_UY218_.jpg
265,"ASUS Vivobook Go 15 (OLED) 2023, AMD Ryzen 5 7520U, 15.6"" (39.62 cm) FHD OLED, Thin & Light Laptop (16GB/512GB SSD/Windows 11/Office 2021/Alexa Built-in/Backlit KB/Black/1.63 kg), E1504FA-LK542WS","50,875",3.8 out of 5 stars,https://m.media-amazon.com/images/W/MEDIAX_792452-T2/images/I/71nAEVpqXuL._AC_UY218_.jpg
266,"Dell Inspiron 3511 Laptop, Intel Core i5-1135G7, 8GB, 512GB SSD, 15.6"" (39.62cm) 3 Sided Narrow Border Design with FHD Display/Windows 11 + MSO'21/McAfee 15 Months/Carbon Black/1.8kg","46,990",3.9 out of 5 stars,https://m.media-amazon.com/images/W/MEDIAX_792452-T2/images/I/51M0Yi3zmUL._AC_UY218_.jpg
267,"HP Victus Gaming Latest 12th Gen Intel Core i5 12450H Processor 15.6 inch(39.6 cm) FHD Gaming Laptop (8GB RAM/512GB SSD/GTX 1650 4GB Graphics/144Hz/BL KB/Win 11/MSO/B&O/Alexa/Xbox Pass), 15-fa0070TX","58,490",4.1 out of 5 stars,https://m.media-amazon.com/images/W/MEDIAX_792452-T2/images/I/71NkSeJt6zL._AC_UY218_.jpg
268,"Chuwi HeroBook Pro 14.1'' Laptop, 8GB RAM 256GB SSD, Windows 11 Laptop, 1TB SSD Expand, Intel Celeron N4020(up to 2.8GHz), FHD IPS Display, Ultra Slim, Mini-HDMI, USB3.0, Webcam,TF Card","18,990",3.7 out of 5 stars,https://m.media-amazon.com/images/W/MEDIAX_792452-T2/images/I/61Iyy+2damL._AC_UY218_.jpg
269,"ASUS Vivobook 14X OLED, Intel Core i9-13900H 13th Gen, 14"" (35.56 cm) 2.8K 90Hz OLED, Creator Laptop (16 GB RAM/1TB SSD/4GB RTX 3050/Win11//Backlit KB/Fingerprint/Silver/1.45 kg), K3405VCB-KM952WS","1,09,990",4.0 out of 5 stars,https://m.media-amazon.com/images/W/MEDIAX_792452-T2/images/I/71BB+l-+QtL._AC_UY218_.jpg
270,"Dell Inspiron 3520 Laptop, Intel Core i5-1235U Processor/8GB/1TB + 256GB SSD/15.6"" (39.62cm) FHD, 3 Sided Narrow Border Design Display/Windows 11 + MSO'21/15 Month McAfee/Black/Thin & Light-1.65kg","50,131",3.8 out of 5 stars,https://m.media-amazon.com/images/W/MEDIAX_792452-T2/images/I/51bW2WxLEYL._AC_UY218_.jpg
271,"HP 250 G8 Notebook PC, 11th Gen Intel Core i3-1115G4 Processor, 15.6 inch(39.6cm) Anti-Glare HD Laptop/8GB RAM/512GB SSD/Numeric Keypad/Intel UHD Graphics/Win 11/1.74 Kgs 6X4B3PA","33,999",3.8 out of 5 stars,https://m.media-amazon.com/images/W/MEDIAX_792452-T2/images/I/71G+U+ae6sL._AC_UY218_.jpg
272,"ASUS Vivobook 16, Intel®Core™ i3-1215U 12th Gen, 16-inch (40.64 cm) FHD+, Thin and Light Laptop (8 GB RAM/512GB SSD/Win11/FingerPrint/Black/1.88kg), X1605ZAB-MB322WS","37,990",4.0 out of 5 stars,https://m.media-amazon.com/images/W/MEDIAX_792452-T2/images/I/71p1GQQCCWL._AC_UY218_.jpg
273,"Lenovo V15 Intel Celeron N4500 15.6"" (39.62 cm) FHD (1920x1080) Antiglare 250 Nits Thin and Light Laptop (8GB RAM/256GB SSD/Windows 11 Home/Black/1Y Onsite/1.7 kg), 82QYA00MIN","23,990",3.8 out of 5 stars,https://m.media-amazon.com/images/W/MEDIAX_792452-T2/images/I/31uLEZHhMDL._AC_UY218_.jpg
274,"ASUS Creator Series Vivobook 16X (2023), Intel Core i5-12450H 12th Gen, 16"" (40.64 cm) FHD+, Laptop (16GB/512GB/4GB RTX 2050/Win11/Office 2021/FP/Black/1.8 kg), K3605ZF-MBN543WS","62,990",4.0 out of 5 stars,https://m.media-amazon.com/images/W/MEDIAX_792452-T2/images/I/71tGjGxis6L._AC_UY218_.jpg
275,"Dell G16-7630 Gaming Laptop, Intel Core i9-13900HX Processor/16GB DDR5/1TB SSD/NVIDIA RTX 4060 8GB GDDR6/16 (40.64cm) QHD+ 240Hz/Windows 11+MSO'21/McAfee 15 Month/Backlit KB RGB/Quantum White/2.87kg","1,82,990",2.1 out of 5 stars,https://m.media-amazon.com/images/W/MEDIAX_792452-T2/images/I/6160kWpp6IL._AC_UY218_.jpg
276,Acer Extensa 15 Intel Core i3 N305 8 core Processor (8 GB/512 GB SSD/Win11 Home/MS Office Home and Student/Intel UHD Graphics/1.7 KG/Silver) EX215-33 FHD Display Laptop,"35,450",4.0 out of 5 stars,https://m.media-amazon.com/images/W/MEDIAX_792452-T2/images/I/71IfO70KcRL._AC_UY218_.jpg
277,"Samsung Galaxy Book3 360 Intel 13th Gen i7 EvoTM 33.78cm(13.3"") Super Amoled 2-in-1 Touchscreen Laptop (16 GB/512GB SSD/Windows11/MSOffice/BacklitKB/Fingerprint Sensor/Graphite/1.16Kg), NP730QFG-KA1IN","1,17,990",3.4 out of 5 stars,https://m.media-amazon.com/images/W/MEDIAX_792452-T2/images/I/71tPWK3MzHL._AC_UY218_.jpg
278,"ASUS Vivobook 15, Intel Core i5-12500H 12th Gen, 15.6"" (39.62 cm) FHD, Thin and Light Laptop (16GB/512GB/Win11/Office 2021/Blue/1.7 kg), X1502ZA-EJ541WS","58,990",3.6 out of 5 stars,https://m.media-amazon.com/images/W/MEDIAX_792452-T2/images/I/71c0GSxtEEL._AC_UY218_.jpg
279,"ASUS Vivobook S 14 Flip (2022), 14-inch (35.56 cms) FHD+ 16:10 Touch, AMD Ryzen 7 5800HS, 2-in-1 Laptop (16GB/512GB SSD/Integrated Graphics/Windows 11/Office 2021/Silver/1.5 kg), TN3402QA-LZ741WS","70,930",4.1 out of 5 stars,https://m.media-amazon.com/images/W/MEDIAX_792452-T2/images/I/61t5-ZvVicL._AC_UY218_.jpg
280,"(Refurbished) Dell Latitude Laptop 7480 Intel Core i5 - 6300u Processor 6th Gen, 8 GB Ram & 256 GB SSD, 14.1 Inches (Ultra Slim & Feather Light 1.48KG) Notebook Computer","17,999",5.0 out of 5 stars,https://m.media-amazon.com/images/W/MEDIAX_792452-T2/images/I/61PC-3noieL._AC_UY218_.jpg
281,"ASUS Vivobook S15 OLED 2022, 15.6"" 39.62 cm FHD OLED, Intel Core EVO i5-12500H 12th Gen, Thin and Light Laptop (16GB/512GB SSD/Iris Xe Graphics/Windows 11/Office 2021/Black/1.8 kg), S3502ZA-L502WS","67,990",4.0 out of 5 stars,https://m.media-amazon.com/images/W/MEDIAX_792452-T2/images/I/71jmTKE16uL._AC_UY218_.jpg
283,"Dell 14 Laptop, AMD Ryzen 5-5500U/ 8GB- 2 DIMM Slots (Expandable to 16GB)/ 512GB/ 14.0"" (35.56cm) FHD Display 250 Nits/Windows 11 + MSO'21/15 Month McAfee/AMD Radeon Graphics/Black/Thin & Light-1.48kg","38,490",3.6 out of 5 stars,https://m.media-amazon.com/images/W/MEDIAX_792452-T2/images/I/51WPeuiixmL._AC_UY218_.jpg
284,"Lenovo IdeaPad Slim 5 Intel Core i7 13700H 16"" (40.6cm) 2.5K IPS 350Nits Laptop (16GB/1TB SSD/Win 11/Office 2021/Backlit KB/FHD 1080p +IR Camera/Alexa/3 Month Game Pass/Cloud Grey/1.9Kg), 82XF0078IN","88,990",4.5 out of 5 stars,https://m.media-amazon.com/images/W/MEDIAX_792452-T2/images/I/61yurrn731L._AC_UY218_.jpg
285,"HP Laptop 15s, 12th Gen Intel Core i3-1215U, 15.6-inch (39.6 cm), FHD, 8GB DDR4, 512GB SSD, Intel UHD Graphics, Backlit KB, Thin & Light, Dual Speakers (Win 11, MSO 2021, Silver, 1.69 kg), fq5007TU","38,990",4.1 out of 5 stars,https://m.media-amazon.com/images/W/MEDIAX_792452-T2/images/I/71Blj59DzzL._AC_UY218_.jpg
286,"Acer One 14 Laptop Intel Core i5 1135G7 (Windows 11 Home/16GB RAM/512GB SSD) Z8-415 with 35.56 cm (14.0"") Full HD Display","40,490",3.0 out of 5 stars,https://m.media-amazon.com/images/W/MEDIAX_792452-T2/images/I/71kL55KJC+L._AC_UY218_.jpg
287,"Proffisy Aluminum Laptop Cooling Pad with One Big Quiet Cooling Fan, Laptop Cooler Stand with 7 Height Adjustable, Notebook Cooler pad for Laptop 17 15.6 14 13 12 Inch Two USB Ports (Black)","1,759",4.1 out of 5 stars,https://m.media-amazon.com/images/W/MEDIAX_792452-T2/images/I/61o4YUekU+L._AC_UL640_QL65_.jpg
289,"Proffisy Aluminum Laptop Cooling Pad with One Big Quiet Cooling Fan, Laptop Cooler Stand with 7 Height Adjustable, Notebook Cooler pad for Laptop 17 15.6 14 13 12 Inch Two USB Ports (Black)","1,759",4.1 out of 5 stars,https://m.media-amazon.com/images/W/MEDIAX_792452-T2/images/I/61o4YUekU+L._AC_UL640_QL65_.jpg
296,"Lenovo IdeaPad Slim 3 Intel Core i7 11th Gen 15.6"" (39.62cm) FHD Laptop (16GB/512GB SSD/Win 11/Office 2021/1 Year Warranty/Arctic Grey/1.65Kg), 82H803LPIN","27,990",4.0 out of 5 stars,https://m.media-amazon.com/images/W/MEDIAX_792452-T1/images/I/61nC5tJlUEL._AC_UY218_.jpg
297,"Lenovo IdeaPad Slim 3 Intel Core i7 11th Gen 15.6"" (39.62cm) FHD Laptop (16GB/512GB SSD/Win 11/Office 2021/1 Year Warranty/Arctic Grey/1.65Kg), 82H803LPIN","55,990",4.0 out of 5 stars,https://m.media-amazon.com/images/W/MEDIAX_792452-T1/images/I/61nC5tJlUEL._AC_UY218_.jpg
298,Fujitsu UH-X 13th Gen Intel Evo Core i5 14 inch(35.5cm) FHD Thin & Light Laptop (16GB/512GB SSD)/Windows11/Iris Xe Graphics/Backlit/Fingerprint Reader/Black/868gm - 4ZR1M37246 w/Sleeve,"86,990",3.6 out of 5 stars,https://m.media-amazon.com/images/W/MEDIAX_792452-T1/images/I/714TjZtB+hL._AC_UY218_.jpg
299,AVITA PURA E NS14A6 Thin & Light 14 (35.56cm) Laptop (AMD R5-3500U/8 GB/512GB SSD/HD TFT Display/Windows 10 Home/Radeon Vega 8 Graphics) 1.344 kg Ink Black (NS14A6INV561-IBB),"21,990",1.8 out of 5 stars,https://m.media-amazon.com/images/W/MEDIAX_792452-T1/images/I/71wmS+SzePL._AC_UY218_.jpg
300,"HP Laptop 14, AMD Ryzen 5 7520U, 14-inch (35.6 cm), FHD, 16GB LPDDR5, 512GB SSD, AMD Radeon Graphics, FHD Camera w/Privacy Shutter, Backlit KB (Win 11, MSO 2021, Silver, 1.4 kg), hr0000AU","47,990",4.4 out of 5 stars,https://m.media-amazon.com/images/W/MEDIAX_792452-T1/images/I/61jwMRv3Y-L._AC_UY218_.jpg
301,"ASUS TUF Gaming A15, 15.6-inch (39.62 cms) FHD 144Hz, AMD Ryzen 5 4600H, 4GB NVIDIA GeForce GTX 1650, Gaming Laptop (8GB/512GB SSD/90WHrs Battery/Windows 11/Black/2.3 Kg), FA506IHRB-HN079W","61,990",4.4 out of 5 stars,https://m.media-amazon.com/images/W/MEDIAX_792452-T1/images/I/91zVSkGGZbS._AC_UY218_.jpg
302,"ASUS Vivobook S 14 Flip (2022), 14-inch (35.56 cms) FHD+ 16:10 Touch, AMD Ryzen 7 5800HS, 2-in-1 Laptop (16GB/512GB SSD/Integrated Graphics/Windows 11/Office 2021/Silver/1.5 kg), TN3402QA-LZ741WS","70,930",4.1 out of 5 stars,https://m.media-amazon.com/images/W/MEDIAX_792452-T1/images/I/61t5-ZvVicL._AC_UY218_.jpg
303,"MSI Sword 15 A12UDX, Intel 12th Gen. i5-12450H, 40CM FHD 144Hz Gaming Laptop (16GB/1TB NVMe SSD/Windows 11 Home/Nvidia GeForce RTX3050, 6GB GDDR6/White/2.25Kg), A12UDX-468IN","78,990",3.8 out of 5 stars,https://m.media-amazon.com/images/W/MEDIAX_792452-T1/images/I/61CIMpkHZdL._AC_UY218_.jpg
304,"ASUS Vivobook 15 (2023), Intel Core i3-1315U 13th Gen, 15.6"" (39.62 cms) FHD, Thin and Light Laptop (8GB/512GB SSD/Windows 11/Office 2021/Fingerprint/Silver/1.7 kg), X1504VA-NJ324WS","40,990",4.1 out of 5 stars,https://m.media-amazon.com/images/W/MEDIAX_792452-T1/images/I/71BUBqd5nJL._AC_UY218_.jpg
305,"HP Victus Gaming Latest 12th Gen Intel Core i5 12450H Processor 15.6 inch(39.6 cm) FHD Gaming Laptop (8GB RAM/512GB SSD/GTX 1650 4GB Graphics/144Hz/BL KB/Win 11/MSO/B&O/Alexa/Xbox Pass), 15-fa0070TX","58,490",4.1 out of 5 stars,https://m.media-amazon.com/images/W/MEDIAX_792452-T1/images/I/71NkSeJt6zL._AC_UY218_.jpg
306,"ASUS Vivobook Pro 15, AMD Ryzen 7 5800H, 15.6""(39.6 cm) HD, Thin & Light Laptop (16GB/512GB SSD/4GB NVIDIA GeForce RTX 3050/Windows 11/Office 2021/Backlit/Fingerprint/Blue/1.80 kg), M6500QC-HN741WS","70,990",4.1 out of 5 stars,https://m.media-amazon.com/images/W/MEDIAX_792452-T1/images/I/61eTPcEsC+L._AC_UY218_.jpg
307,"MSI Modern 15, Intel 13th Gen. i5-1335U, 40CM FHD 60Hz Laptop (16GB/512GB NVMe SSD/Windows 11 Home/Iris Xe Graphics/Classic Black/1.7Kg), B13M-289IN","50,591",4.0 out of 5 stars,https://m.media-amazon.com/images/W/MEDIAX_792452-T1/images/I/71eLe8RYffL._AC_UY218_.jpg
308,"HP Pavilion 15, 13th Gen Intel Core i7-1360P, 15.6-inch (39.6 cm), FHD, 16GB DDR4, 1TB SSD, Intel Iris Xᵉ Graphics, FPR, Backlit KB, Audio by B&O (Win 11, MSO 2021, Silver, 1.74 kg), eg3036TU","89,990",3.8 out of 5 stars,https://m.media-amazon.com/images/W/MEDIAX_792452-T1/images/I/81s1aHrFTgL._AC_UY218_.jpg
309,"HP Laptop 15s, 12th Gen Intel Core i3-1215U, 15.6-inch (39.6 cm), FHD, 16GB DDR4, 512GB SSD, Intel UHD Graphics, Thin & Light, Dual Speakers (Win 11, MSO 2021, Silver, 1.69 kg), fy5004TU","43,600",3.5 out of 5 stars,https://m.media-amazon.com/images/W/MEDIAX_792452-T1/images/I/71K0mr+eNlL._AC_UY218_.jpg
310,"Lenovo IdeaPad Slim 5 Ryzen 7 7730U 14"" (35.5cm) WUXGA+ IPS Laptop (16GB/512GB SSD/Win 11/Office 2021/Backlit KB/FHD IR Camera/Alexa/3 Month Game Pass/Arctic Grey/1.46Kg), 82XE0072IN","63,990",4.5 out of 5 stars,https://m.media-amazon.com/images/W/MEDIAX_792452-T1/images/I/61w2HawBGoL._AC_UY218_.jpg
311,"HP 250 G8 Notebook PC, 11th Gen Intel Core i3-1115G4 Processor, 15.6 inch(39.6cm) Anti-Glare HD Laptop/8GB RAM/512GB SSD/Numeric Keypad/Intel UHD Graphics/Win 11/1.74 Kgs 6X4B3PA","33,999",3.8 out of 5 stars,https://m.media-amazon.com/images/W/MEDIAX_792452-T1/images/I/71G+U+ae6sL._AC_UY218_.jpg
312,"AGB Octev GA-9009 15.6"" Laptop (Core i7-1165G7 11th Gen, 16GB RAM / 512GB SSD/Iris Xe/MX 450 / Win 11 Pro/Aluminium Body","55,000",2.0 out of 5 stars,https://m.media-amazon.com/images/W/MEDIAX_792452-T1/images/I/81OD81DIU5L._AC_UY218_.jpg
313,"Acer Nitro 5 12th Gen Intel Core i5 Gaming Laptop with 39.62 cm (15.6"") FHD IPS Display (Windows 11 Home/16 GB RAM/512 GB SSD/RTX 3050 Graphics/144 Hz/RGB Backlit), AN515-58, 2.5 KG","69,990",4.2 out of 5 stars,https://m.media-amazon.com/images/W/MEDIAX_792452-T1/images/I/71gZ4OSvk1L._AC_UY218_.jpg
314,"Lenovo Ideapad Gaming 3 AMD Ryzen 5 5600H 15.6"" (39.62cm) FHD IPS Gaming Laptop (8GB/512GB SSD/4GB NVIDIA RTX 3050/120Hz/Win 11/Office 2021/Backlit/3months Game Pass/Shadow Black/2.25Kg), 82K2022VIN","56,990",4.4 out of 5 stars,https://m.media-amazon.com/images/W/MEDIAX_792452-T1/images/I/61dmgZWyTgL._AC_UY218_.jpg
315,"MSI Sword 15 A12VF, Intel 12th Gen. i7-12650H, 40CM FHD 144Hz Gaming Laptop (8GBx2/1TB NVMe SSD/Windows 11 Home/Nvidia GeForce RTX4060, 8GB GDDR6/White/2.25Kg), A12VF-401IN","1,02,990",4.0 out of 5 stars,https://m.media-amazon.com/images/W/MEDIAX_792452-T1/images/I/71cRA3lD-8L._AC_UY218_.jpg
316,Acer Travelmate Business Laptop AMD Ryzen 5 5500U Processor (8GB DDR4/ 512GB SSD/AMD Radeon Graphics/Windows 11 Home) TMP214-41-G3 with 35.6 cm (14 Inches) HD Display,"41,990",4.5 out of 5 stars,https://m.media-amazon.com/images/W/MEDIAX_792452-T1/images/I/81TAh-cxQyL._AC_UY218_.jpg
317,"ASUS Vivobook 15 OLED (2023), Intel Core i5-13500H 13th Gen, 15.6"" (39.62 cm) FHD OLED, Thin & Light Laptop (16GB/512GB SSD/Intel Iris Xᵉ/Win 11/Office 2021/Backlit KB/Black/1.7 kg), X1505VA-LK541WS","67,990",4.0 out of 5 stars,https://m.media-amazon.com/images/W/MEDIAX_792452-T1/images/I/818mSuevb+L._AC_UY218_.jpg
318,"ASUS Vivobook 15 (2023), Intel Core I5-13500H 13Th Gen, 15.6"" (39.62 Cms) Fhd, Thin and Light Laptop (16Gb/512Gb Ssd/Intel Iris X?/Win 11/Office 2021/Backlit Kb/Blue/1.7 Kg), X1502Va-Nj541Ws","61,990",3.6 out of 5 stars,https://m.media-amazon.com/images/W/MEDIAX_792452-T1/images/I/71ikH2lBGKL._AC_UY218_.jpg
319,"Samsung Galaxy Book3 Pro 360 Intel 13th Gen i5 EvoTM 40.62cm(16"") Touchscreen 2-in-1 3K Display, 120Hz, Thin & Light Laptop(16 GB/512 GB SSD/Windows 11/MS Office/S-Pen/Graphite/1.6Kg), NP960QFG-KA2IN","1,52,990",4.2 out of 5 stars,https://m.media-amazon.com/images/W/MEDIAX_792452-T1/images/I/71ef1yicMJL._AC_UY218_.jpg
320,"Dell Inspiron 3520 Laptop,12th Gen Intel Core i3-1215, Windows 11 + MSO'21, McAfee 15 Months, 8GB, 512GB SSD, 15.6"" (39.62Cms) 3 Sided Narrow Border Design with 120Hz FHD Display, Black, 1.65Kgs","38,790",3.3 out of 5 stars,https://m.media-amazon.com/images/W/MEDIAX_792452-T1/images/I/51bW2WxLEYL._AC_UY218_.jpg
321,"ASUS Zenbook 14 (2023), AMD Ryzen 7 7730U, 14"" (35.56 cm) 2.5K, Thin & Light Laptop (16GB/1TB SSD/Windows 11/Office 2021/Alexa Built-in/Backlit KB/FP Sensor/Jade Black/1.35 kg), UM3402YA-KP751WS","82,990",5.0 out of 5 stars,https://m.media-amazon.com/images/W/MEDIAX_792452-T1/images/I/71msAIjwt6L._AC_UY218_.jpg
322,"(Refurbished) Lenovo IdeaPad Slim 3 Intel Celeron N4020 4th Gen 15.6"" (39.62cm) HD 220nits Anti-Glare (8GB/256GB SDD/Windows 11/Office 2021/3months Game Pass/Platinum Grey/1.7Kg), 81WQ00NXIN","20,221.",5.0 out of 5 stars,https://m.media-amazon.com/images/W/MEDIAX_792452-T1/images/I/61NAJUkUqkL._AC_UY218_.jpg
323,"Lenovo Ideapad Slim 1 AMD Ryzen 5 5500U 15.6"" (39.62cm) FHD Thin & Light Laptop (8GB/512GB SSD/Windows 11/Office 2021/1Yr Warranty + ADP/Cloud Grey/1.6Kg), 82R400BRIN","40,000",4.2 out of 5 stars,https://m.media-amazon.com/images/W/MEDIAX_792452-T1/images/I/71bDJ9wxxWL._AC_UY218_.jpg
324,"HP 255 G8 Notebook PC,AMD Ryzen 3 3250U, 15.6 inch(39.6cm) Anti-Glare HD Laptop/8GB RAM/512GB SSD/Numeric Keypad/AMD Radeon Graphics/Win 11/1.74 Kgs 689T4PA","27,990",4.1 out of 5 stars,https://m.media-amazon.com/images/W/MEDIAX_792452-T1/images/I/71R-AObyPFL._AC_UY218_.jpg
325,"ASUS Vivobook 15, Intel Core i3-1220P 12th Gen, 15.6"" (39.62 cm) FHD, Thin and Laptop (8GB/512GB SSD/Integrated Graphics/Windows 11/Office 2021/Alexa Built-in/FP Sensor/Blue/1.7 kg), X1502ZA-EJ381WS","39,990",4.0 out of 5 stars,https://m.media-amazon.com/images/W/MEDIAX_792452-T1/images/I/71c0GSxtEEL._AC_UY218_.jpg
326,"HP Laptop 15s, 12th Gen Intel Core i3-1215U, 15.6-inch (39.6 cm), FHD, 8GB DDR4, 512GB SSD, Intel UHD Graphics, Backlit KB, Thin & Light, Dual Speakers (Win 11, MSO 2021, Silver, 1.69 kg), fq5007TU","38,990",4.1 out of 5 stars,https://m.media-amazon.com/images/W/MEDIAX_792452-T1/images/I/71Blj59DzzL._AC_UY218_.jpg
327,"Proffisy Aluminum Laptop Cooling Pad with One Big Quiet Cooling Fan, Laptop Cooler Stand with 7 Height Adjustable, Notebook Cooler pad for Laptop 17 15.6 14 13 12 Inch Two USB Ports (Black)","1,759",4.1 out of 5 stars,https://m.media-amazon.com/images/W/MEDIAX_792452-T1/images/I/61o4YUekU+L._AC_UL640_QL65_.jpg
329,"Proffisy Aluminum Laptop Cooling Pad with One Big Quiet Cooling Fan, Laptop Cooler Stand with 7 Height Adjustable, Notebook Cooler pad for Laptop 17 15.6 14 13 12 Inch Two USB Ports (Black)","1,759",4.1 out of 5 stars,https://m.media-amazon.com/images/W/MEDIAX_792452-T1/images/I/61o4YUekU+L._AC_UL640_QL65_.jpg
