,Name,Price,Rating,Description,Image
0,WINGS Nuvobook S1 Aluminium Alloy Metal Body Intel Intel Core i3 11th Gen 1125G4 - (8 GB/256 GB SSD/Wi...,"₹27,990",4.2,Intel Core i3 Processor (11th Gen)8 GB DDR4 RAMWindows 11 Operating System256 GB SSD39.62 cm (15.6 Inch) Display1 Year Onsite Warranty,https://rukminim2.flixcart.com/image/312/312/xif0q/computer/j/2/o/-original-imagtq47azeytzzg.jpeg?q=70
1,WINGS Nuvobook V1 Aluminium Alloy Metal Body Intel Intel Core i5 11th Gen 1155G7 - (8 GB/512 GB SSD/Wi...,"₹27,990",4.2,Intel Core i5 Processor (11th Gen)8 GB DDR4 RAMWindows 11 Operating System512 GB SSD39.62 cm (15.6 Inch) Display1 Year Onsite Warranty,https://rukminim2.flixcart.com/image/312/312/xif0q/computer/q/k/k/-original-imagtq3zkzyfudmn.jpeg?q=70
2,ASUS Vivobook 15 Intel Core i3 11th Gen 1115G4 - (8 GB/256 GB SSD/Windows 11 Home) X515EA-EJ312W Thin ...,"₹29,990",4.3,Intel Core i3 Processor (11th Gen)8 GB DDR4 RAM64 bit Windows 11 Operating System256 GB SSD39.62 cm (15.6 Inch) DisplayNot Applicable1 Year Onsite Warranty,https://rukminim2.flixcart.com/image/312/312/xif0q/computer/r/e/f/-original-imagrgprbhchwgve.jpeg?q=70
3,Lenovo IdeaPad Slim 1 Intel Celeron Dual Core N4020 - (8 GB/256 GB SSD/Windows 11 Home) 14IGL7 Thin an...,"₹22,990",4,Intel Celeron Dual Core Processor8 GB DDR4 RAMWindows 11 Operating System256 GB SSD35.56 cm (14 Inch) Display1 Year Onsite�Warranty�+ 1 Yr ADP,https://rukminim2.flixcart.com/image/312/312/xif0q/computer/r/j/o/14igl7-thin-and-light-laptop-lenovo-original-imagqtsdgfwcwgbz.jpeg?q=70
4,ASUS Vivobook Go 15 Intel Celeron Dual Core N4020 - (8 GB/256 GB SSD/Windows 11 Home) E510MA-EJ011WS T...,"₹24,990",4.1,Intel Celeron Dual Core Processor8 GB DDR4 RAMWindows 11 Operating System256 GB SSD39.62 cm (15.6 Inch) Display1 Year Onsite Warranty,https://rukminim2.flixcart.com/image/312/312/xif0q/computer/i/n/w/-original-imagqs9vc7ecv4vj.jpeg?q=70
5,APPLE 2022 MacBook AIR Apple M2 - (8 GB/256 GB SSD/Mac OS Monterey) MLY33HN/A,"₹1,07,990",4.7,"Apple M2 Processor8 GB Unified Memory RAMMac OS Operating System256 GB SSD34.54 cm (13.6 Inch) DisplayBuilt-in Apps: iMovie, Siri, GarageBand, Pages, Numbers, Photos, Keynote, Safari, Mail, FaceTime, Messages, Maps, Stocks, Home, Voice Memos, Notes, Calendar, Contacts, Reminders, Photo Booth, Preview, Books, App Store, Time Machine, TV, Music, Podcasts, Find My, QuickTime Player1 Year Limited Warranty",https://rukminim2.flixcart.com/image/312/312/xif0q/computer/2/v/v/-original-imagfdeqter4sj2j.jpeg?q=70
6,HP Pavilion (2023) Eyesafe AMD Ryzen 5 Hexa Core 5625U - (16 GB/512 GB SSD/Windows 11 Home) 14-EC1019A...,"₹56,490",4.4,AMD Ryzen 5 Hexa Core Processor16 GB DDR4 RAM64 bit Windows 11 Operating System512 GB SSD35.56 cm (14 inch) Display1 Year Onsite Warranty,https://rukminim2.flixcart.com/image/312/312/xif0q/computer/r/g/o/-original-imagwy8dbmpsvf5e.jpeg?q=70
7,Lenovo IdeaPad Slim 3 Intel Core i5 11th Gen 1135G7 - (16 GB/512 GB SSD/Windows 11 Home) 15ITL6 Thin a...,"₹41,990",4.2,Intel Core i5 Processor (11th Gen)16 GB DDR4 RAMWindows 11 Operating System512 GB SSD39.62 cm (15.6 inch) Display1 Year Onsite Warranty + 1 Year ADP,https://rukminim2.flixcart.com/image/312/312/xif0q/computer/9/d/n/-original-imaguyhzhbhqe8qj.jpeg?q=70
8,Lenovo Intel Core i7 12th Gen 1255U - (16 GB/512 GB SSD/Windows 11 Home) V15 G3 IAP Thin and Light Lap...,"₹49,990",4,Intel Core i7 Processor (12th Gen)16 GB DDR4 RAMWindows 11 Operating System512 GB SSD39.62 cm (15.6 Inch) Display1 Year Onsite Warranty,https://rukminim2.flixcart.com/image/312/312/xif0q/computer/d/t/c/v15-g2-alc-laptop-lenovo-original-imaghq2ffspmtfuh.jpeg?q=70
9,HP 2023 AMD Ryzen 3 Dual Core 3250U - (8 GB/512 GB SSD/Windows 11 Home) 15s- eq1580AU Thin and Light L...,"₹33,490",4.2,AMD Ryzen 3 Dual Core Processor8 GB DDR4 RAMWindows 11 Operating System512 GB SSD39.62 cm (15.6 Inch) Display1 Year Onsite Warranty,https://rukminim2.flixcart.com/image/312/312/xif0q/computer/m/1/n/-original-imagwy8dn6bcncfe.jpeg?q=70
10,WINGS Nuvobook V1 Aluminium Alloy Metal Body Intel Intel Core i5 11th Gen 1155G7 - (8 GB/512 GB SSD/Wi...,"₹27,990",4.2,Intel Core i5 Processor (11th Gen)8 GB DDR4 RAMWindows 11 Operating System512 GB SSD39.62 cm (15.6 Inch) Display1 Year Onsite Warranty,https://rukminim2.flixcart.com/image/312/312/xif0q/computer/l/s/n/-original-imagtq3xfpnyqw4v.jpeg?q=70
11,Lenovo IdeaPad 3 Chromebook Intel Celeron Dual Core N4020 - (4 GB/64 GB EMMC Storage/Chrome OS) ideapa...,"₹17,400",3.5,Intel Celeron Dual Core Processor4 GB LPDDR4 RAMChrome Operating System29.46 cm (11.6 Inch) Display1 Year Onsite�Warranty,https://rukminim2.flixcart.com/image/312/312/ksyz8280/computer/8/v/i/cb-11igl05-thin-and-light-laptop-lenovo-original-imag6fh8sqpuk3ts.jpeg?q=70
12,MSI Modern 14 Intel Core i3 11th Gen 1115G4 - (8 GB/512 GB SSD/Windows 11 Home) Modern 14 C11M-031IN T...,"₹28,990",4.3,Intel Core i3 Processor (11th Gen)8 GB DDR4 RAMWindows 11 Operating System512 GB SSD35.56 cm (14 Inch) Display1 Year Carry-in Warranty,https://rukminim2.flixcart.com/image/312/312/xif0q/computer/6/x/x/-original-imagvyw9fpffzgzu.jpeg?q=70
13,ASUS Vivobook Go 15 (2023) AMD Ryzen 5 Quad Core 7520U - (8 GB/512 GB SSD/Windows 11 Home) E1504FA-NJ5...,"₹37,990",4.2,AMD Ryzen 5 Quad Core Processor8 GB LPDDR5 RAMWindows 11 Operating System512 GB SSD39.62 cm (15.6 Inch) Display1 Year Onsite Warranty,https://rukminim2.flixcart.com/image/312/312/xif0q/computer/u/h/s/-original-imagpxgqj6x2zkhe.jpeg?q=70
14,HP (2023) Intel Intel Core i5 11th Gen 1155G7 - (16 GB/512 GB SSD/Windows 11 Home) 15s-fr4001TU Thin a...,"₹50,990",4.3,Intel Core i5 Processor (11th Gen)16 GB DDR4 RAM64 bit Windows 11 Operating System512 GB SSD39.62 cm (15.6 Inch) Display1 Year Onsite Warranty,https://rukminim2.flixcart.com/image/312/312/xif0q/computer/k/n/z/-original-imagwy8dyygbwfqy.jpeg?q=70
15,Infinix Y1 Plus Neo Intel Intel Celeron Quad Core 11th Gen JSL N5100 - (8 GB/512 GB SSD/Windows 11 Hom...,"₹23,990",4,Intel Celeron Quad Core Processor (11th Gen)8 GB LPDDR4X RAMWindows 11 Operating System512 GB SSD39.01 cm (15.36 inch) Display1 Year Onsite Warranty,https://rukminim2.flixcart.com/image/312/312/xif0q/computer/t/z/o/xl30-thin-and-light-laptop-infinix-original-imagzmncf5snymhu.jpeg?q=70
16,WINGS Nuvobook S1 Aluminium Alloy Metal Body Intel Intel Core i3 11th Gen 1125G4 - (8 GB/256 GB SSD/Wi...,"₹27,990",4.2,Intel Core i3 Processor (11th Gen)8 GB DDR4 RAMWindows 11 Operating System256 GB SSD39.62 cm (15.6 Inch) Display1 Year Onsite Warranty,https://rukminim2.flixcart.com/image/312/312/xif0q/computer/8/9/h/-original-imagtq43ngggg9gj.jpeg?q=70
17,Lenovo IdeaPad Slim 3 Chromebook Intel Celeron Dual Core N4020 - (4 GB/64 GB EMMC Storage/Chrome OS) 1...,"₹18,990",3.7,Intel Celeron Dual Core Processor4 GB LPDDR4 RAM64 bit Chrome Operating System35.56 cm (14 inch) Touchscreen Display1 Year Onsite Warranty,https://rukminim2.flixcart.com/image/312/312/xif0q/computer/7/k/4/-original-imaggqgb6dbkyhbe.jpeg?q=70
18,Infinix Inbook Y1 Plus Intel Core i5 10th Gen 1035G1 - (8 GB/512 GB SSD/Windows 11 Home) XL28 Thin and...,"₹26,990",4.6,Intel Core i5 Processor (10th Gen)8 GB LPDDR4X RAMWindows 11 Operating System512 GB SSD39.62 cm (15.6 inch) Display1 Year Onsite Warranty,https://rukminim2.flixcart.com/image/312/312/xif0q/computer/u/u/k/-original-imagmxuravjcmdwu.jpeg?q=70
19,Lenovo IdeaPad Slim 3 Intel Core i5 11th Gen 1155G7 - (8 GB/512 GB SSD/Windows 11 Home) 15ITL6 Thin an...,"₹37,990",4.2,Intel Core i5 Processor (11th Gen)8 GB DDR4 RAM64 bit Windows 11 Operating System512 GB SSD39.62 cm (15.6 inch) Display1Year Onsite warranty,https://rukminim2.flixcart.com/image/312/312/xif0q/computer/9/d/n/-original-imaguyhzhbhqe8qj.jpeg?q=70
20,WINGS Nuvobook Pro Aluminium Alloy Metal Body Intel Intel Core i7 11th Gen 1165G7 - (16 GB/512 GB SSD/...,"₹49,990",4,Intel Core i7 Processor (11th Gen)16 GB DDR4 RAMWindows 11 Operating System512 GB SSD35.56 cm (14 Inch) Display1 Year Onsite Warranty,https://rukminim2.flixcart.com/image/312/312/xif0q/computer/d/e/w/-original-imagtq48ep5jxwxn.jpeg?q=70
21,Lenovo IdeaPad Gaming 3 AMD Ryzen 5 Hexa Core 6600H - (8 GB/512 GB SSD/Windows 11 Home/4 GB Graphics/N...,"₹59,331",4.5,AMD Ryzen 5 Hexa Core Processor8 GB DDR5 RAMWindows 11 Operating System512 GB SSD100.63 cm (39.62 cm) Display1 Year Onsite Warranty,https://rukminim2.flixcart.com/image/312/312/xif0q/computer/t/v/2/-original-imagufyhznq26vpn.jpeg?q=70
22,Acer Extensa Intel Core i3 N305 - (8 GB/512 GB SSD/Windows 11 Home) EX215-33 Notebook,"₹28,990",4.3,Intel Core i3 Processor8 GB LPDDR5 RAM64 bit Windows 11 Operating System512 GB SSD39.62 cm (15.6 Inch) Display1 Year International Travelers Warranty,https://rukminim2.flixcart.com/image/312/312/xif0q/computer/7/o/r/-original-imagnc38zedzfnw6.jpeg?q=70
23,Lenovo IdeaPad Gaming 3 AMD Ryzen 5 Hexa Core 6600H - (16 GB/512 GB SSD/Windows 11 Home/4 GB Graphics/...,"₹60,990",4.4,AMD Ryzen 5 Hexa Core Processor16 GB DDR5 RAMWindows 11 Operating System512 GB SSD39.62 cm (15.6 inch) DisplayMicrosoft Office Home & Student 20211 Year Onsite Warranty,https://rukminim2.flixcart.com/image/312/312/xif0q/computer/t/v/2/-original-imagufyhznq26vpn.jpeg?q=70
24,HP Intel Intel Core i3 11th Gen 1115G4 - (8 GB/256 GB SSD/Windows 11 Home) 14s - dy2507TU Thin and Lig...,"₹33,990",4.3,Intel Core i3 Processor (11th Gen)8 GB DDR4 RAM64 bit Windows 11 Operating System256 GB SSD35.56 cm (14 inch) Display1 Year Onsite Warranty,https://rukminim2.flixcart.com/image/312/312/xif0q/computer/d/d/w/-original-imagwy8e5kagmeaa.jpeg?q=70
25,ASUS Vivobook 15 Intel Core i3 11th Gen 1115G4 - (8 GB/256 GB SSD/Windows 11 Home) X1500EA-EJ311W Thin...,"₹29,990",4.3,Intel Core i3 Processor (11th Gen)8 GB DDR4 RAMWindows 11 Operating System256 GB SSD39.62 cm (15.6 Inch) Display1 Year Onsite Warranty,https://rukminim2.flixcart.com/image/312/312/xif0q/computer/q/e/z/-original-imagpxgqesgrthks.jpeg?q=70
26,WINGS Nuvobook S1 Aluminium Alloy Metal Body Intel Intel Core i3 11th Gen 1125G4 - (8 GB/256 GB SSD/Wi...,"₹27,990",4.2,Intel Core i3 Processor (11th Gen)8 GB DDR4 RAMWindows 11 Operating System256 GB SSD39.62 cm (15.6 Inch) Display1 Year Onsite Warranty,https://rukminim2.flixcart.com/image/312/312/xif0q/computer/j/2/o/-original-imagtq47azeytzzg.jpeg?q=70
27,WINGS Nuvobook V1 Aluminium Alloy Metal Body Intel Intel Core i5 11th Gen 1155G7 - (8 GB/512 GB SSD/Wi...,"₹27,990",4.2,Intel Core i5 Processor (11th Gen)8 GB DDR4 RAMWindows 11 Operating System512 GB SSD39.62 cm (15.6 Inch) Display1 Year Onsite Warranty,https://rukminim2.flixcart.com/image/312/312/xif0q/computer/q/k/k/-original-imagtq3zkzyfudmn.jpeg?q=70
28,HP (2023) Intel Intel Core i3 12th Gen 1215U - (8 GB/512 GB SSD/Windows 11 Home) 15s-fy5003TU Thin and...,"₹38,990",4.2,Intel Core i3 Processor (12th Gen)8 GB DDR4 RAMWindows 11 Operating System512 GB SSD39.62 cm (15.6 Inch) Display1 Year Onsite Warranty,https://rukminim2.flixcart.com/image/312/312/xif0q/computer/j/b/l/-original-imagwy8dcrzskxmf.jpeg?q=70
29,MSI Modern 14 AMD Ryzen 5 Hexa Core 7530U - (16 GB/512 GB SSD/Windows 11 Home) Modern 14 C7M-062IN Thi...,"₹40,990",4.3,AMD Ryzen 5 Hexa Core Processor16 GB DDR4 RAMWindows 11 Operating System512 GB SSD35.56 cm (14 Inch) Display1 Year Carry-in Warranty,https://rukminim2.flixcart.com/image/312/312/xif0q/computer/q/8/a/-original-imagvyw9hgt3mdqa.jpeg?q=70
30,Lenovo IdeaPad Slim 3 Intel Core i5 11th Gen 1135G7 - (16 GB/512 GB SSD/Windows 11 Home) 15ITL6 Thin a...,"₹41,990",4.2,Intel Core i5 Processor (11th Gen)16 GB DDR4 RAMWindows 11 Operating System512 GB SSD39.62 cm (15.6 inch) Display1 Year Onsite Warranty + 1 Year ADP,https://rukminim2.flixcart.com/image/312/312/xif0q/computer/9/d/n/-original-imaguyhzhbhqe8qj.jpeg?q=70
31,WINGS Nuvobook V1 Aluminium Alloy Metal Body Intel Intel Core i5 11th Gen 1155G7 - (8 GB/512 GB SSD/Wi...,"₹27,990",4.2,Intel Core i5 Processor (11th Gen)8 GB DDR4 RAMWindows 11 Operating System512 GB SSD39.62 cm (15.6 Inch) Display1 Year Onsite Warranty,https://rukminim2.flixcart.com/image/312/312/xif0q/computer/l/s/n/-original-imagtq3xfpnyqw4v.jpeg?q=70
32,ASUS Vivobook Go 14 Intel Celeron Dual Core N4500 - (8 GB/256 GB SSD/Windows 11 Home) E410KA-EK013W Th...,"₹20,990",4.1,Intel Celeron Dual Core Processor8 GB DDR4 RAMWindows 11 Operating System256 GB SSD35.56 cm (14 inch) Display1 Year Onsite Warranty,https://rukminim2.flixcart.com/image/312/312/xif0q/computer/t/w/i/-original-imagtvq2bmuazhsq.jpeg?q=70
33,DELL AMD Ryzen 3 Quad Core 5300U - (8 GB/512 GB SSD/Windows 11 Home) Inspiron 3525 Thin and Light Lapt...,"₹32,990",4,AMD Ryzen 3 Quad Core Processor8 GB DDR4 RAMWindows 11 Operating System512 GB SSD39.62 cm (15.6 Inch) Display1 Year Onsite Hardware Service,https://rukminim2.flixcart.com/image/312/312/xif0q/computer/k/0/a/inspiron-3525-thin-and-light-laptop-dell-original-imagtyx3wyh2mgzs.jpeg?q=70
34,ASUS TUF Gaming F15 with 90WHr Battery Intel Core i5 11th Gen 11400H - (16 GB/512 GB SSD/Windows 11 Ho...,"₹59,990",4.4,Intel Core i5 Processor (11th Gen)16 GB DDR4 RAMWindows 11 Operating System512 GB SSD39.62 cm (15.6 Inch) Display1 Year Onsite Warranty,https://rukminim2.flixcart.com/image/312/312/xif0q/computer/v/y/z/-original-imagtucnqsqpbvk6.jpeg?q=70
35,Lenovo IdeaPad Gaming 3 AMD Ryzen 5 Hexa Core 6600H - (16 GB/512 GB SSD/Windows 11 Home/4 GB Graphics/...,"₹60,990",4.4,AMD Ryzen 5 Hexa Core Processor16 GB DDR5 RAMWindows 11 Operating System512 GB SSD39.62 cm (15.6 inch) DisplayMicrosoft Office Home & Student 20211 Year Onsite Warranty,https://rukminim2.flixcart.com/image/312/312/xif0q/computer/t/v/2/-original-imagufyhznq26vpn.jpeg?q=70
36,Lenovo IdeaPad 3 Chromebook Intel Celeron Dual Core N4020 - (4 GB/64 GB EMMC Storage/Chrome OS) ideapa...,"₹17,400",3.5,Intel Celeron Dual Core Processor4 GB LPDDR4 RAMChrome Operating System29.46 cm (11.6 Inch) Display1 Year Onsite�Warranty,https://rukminim2.flixcart.com/image/312/312/ksyz8280/computer/8/v/i/cb-11igl05-thin-and-light-laptop-lenovo-original-imag6fh8sqpuk3ts.jpeg?q=70
37,WINGS Nuvobook S1 Aluminium Alloy Metal Body Intel Intel Core i3 11th Gen 1125G4 - (8 GB/256 GB SSD/Wi...,"₹27,990",4.2,Intel Core i3 Processor (11th Gen)8 GB DDR4 RAMWindows 11 Operating System256 GB SSD39.62 cm (15.6 Inch) Display1 Year Onsite Warranty,https://rukminim2.flixcart.com/image/312/312/xif0q/computer/8/9/h/-original-imagtq43ngggg9gj.jpeg?q=70
38,HP Victus AMD Ryzen 5 Hexa Core 7535HS - (8 GB/512 GB SSD/Windows 11 Home/4 GB Graphics/NVIDIA GeForce...,"₹51,990",4.6,AMD Ryzen 5 Hexa Core Processor8 GB DDR5 RAMWindows 11 Operating System512 GB SSD39.62 cm (15.6 Inch) Display1 Year Onsite Warranty,https://rukminim2.flixcart.com/image/312/312/xif0q/computer/f/e/d/-original-imagud83gf3wkzh9.jpeg?q=70
39,APPLE 2020 Macbook Air Apple M1 - (8 GB/256 GB SSD/Mac OS Big Sur) MGN63HN/A,"₹72,990",4.7,"Apple M1 Processor8 GB DDR4 RAMMac OS Operating System256 GB SSD33.78 cm (13.3 inch) DisplayBuilt-in Apps: iMovie, Siri, GarageBand, Pages, Numbers, Photos, Keynote, Safari, Mail, FaceTime, Messages, Maps, Stocks, Home, Voice Memos, Notes, Calendar, Contacts, Reminders, Photo Booth, Preview, Books, App Store, Time Machine, TV, Music, Podcasts, Find My, QuickTime Player1 Year Limited Warra­nty",https://rukminim2.flixcart.com/image/312/312/kp5sya80/screen-guard/tempered-glass/o/v/n/apple-macbook-air-m1-13-3-inch-lightwings-original-imag3gh5xftgbpg3.jpeg?q=70
40,Lenovo IdeaPad Slim 3 Chromebook Intel Celeron Dual Core N4020 - (4 GB/64 GB EMMC Storage/Chrome OS) 1...,"₹18,990",3.7,Intel Celeron Dual Core Processor4 GB LPDDR4 RAM64 bit Chrome Operating System35.56 cm (14 inch) Touchscreen Display1 Year Onsite Warranty,https://rukminim2.flixcart.com/image/312/312/xif0q/computer/7/k/4/-original-imaggqgb6dbkyhbe.jpeg?q=70
41,WINGS Nuvobook Pro Aluminium Alloy Metal Body Intel Intel Core i7 11th Gen 1165G7 - (16 GB/512 GB SSD/...,"₹49,990",4,Intel Core i7 Processor (11th Gen)16 GB DDR4 RAMWindows 11 Operating System512 GB SSD35.56 cm (14 Inch) Display1 Year Onsite Warranty,https://rukminim2.flixcart.com/image/312/312/xif0q/computer/d/e/w/-original-imagtq48ep5jxwxn.jpeg?q=70
42,HP Intel Core i3 11th Gen - (8 GB/512 GB SSD/Windows 11 Home) 250 G8 Thin and Light Laptop,"₹33,490",4.2,Intel Core i3 Processor (11th Gen)8 GB DDR4 RAM64 bit Windows 11 Operating System512 GB SSD39.62 cm (15.6 inch) Display1Year Onsite Warranty,https://rukminim2.flixcart.com/image/312/312/xif0q/computer/9/v/w/245-g8-business-laptop-hp-original-imagn4bctguugysg.jpeg?q=70
43,Acer Aspire 3 Intel Core i5 12th Gen 1235U - (16 GB/512 GB SSD/Windows 11 Home) A315-59 Thin and Light...,"₹42,990",4,Intel Core i5 Processor (12th Gen)16 GB DDR4 RAM64 bit Windows 11 Operating System512 GB SSD39.62 cm (15.6 Inch) Display1 Year International Travelers Warranty,https://rukminim2.flixcart.com/image/312/312/xif0q/computer/a/x/l/-original-imagqbud3jqmhdet.jpeg?q=70
44,ASUS Vivobook Go 15 (2023) AMD Ryzen 5 Quad Core 7520U - (8 GB/512 GB SSD/Windows 11 Home) E1504FA-NJ5...,"₹37,990",4.2,AMD Ryzen 5 Quad Core Processor8 GB LPDDR5 RAMWindows 11 Operating System512 GB SSD39.62 cm (15.6 Inch) Display1 Year Onsite Warranty,https://rukminim2.flixcart.com/image/312/312/xif0q/computer/i/u/p/-original-imagpxgrxrqsmdqz.jpeg?q=70
45,CHUWI Intel Core i3 10th Gen 1005G1 - (8 GB/512 GB SSD/Windows 11 Home) CoreBook X Grey Laptop,"₹23,990",4.1,"Stylish, Thin and Portable Light Weight Laptop
Processor: Intel Core i3-1005G1 (Base 1.20 GHz & Turbo upto 3.40 GHz) 2 Cores
RAM/Storage: 8GB DDR4, 512GB SSD
Display: 14.0"" FHD 280 nits
Touchpad: Larger Touchpad with easy control
Keyboard: Chiclet keyboard keysIntel Core i3 Processor (10th Gen)8 GB DDR4 RAM64 bit Windows 11 Operating System512 GB SSD35.56 cm (14 inch) DisplayWPS Office, Operating System Software1 Year Onsite Warranty",https://rukminim2.flixcart.com/image/312/312/xif0q/computer/7/s/3/-original-imagr93z7hudmgwf.jpeg?q=70
46,Lenovo IdeaPad Slim 3 Intel Core i5 11th Gen 1155G7 - (8 GB/512 GB SSD/Windows 11 Home) 15ITL6 Thin an...,"₹37,990",4.2,Intel Core i5 Processor (11th Gen)8 GB DDR4 RAM64 bit Windows 11 Operating System512 GB SSD39.62 cm (15.6 inch) Display1Year Onsite warranty,https://rukminim2.flixcart.com/image/312/312/xif0q/computer/9/d/n/-original-imaguyhzhbhqe8qj.jpeg?q=70
47,Lenovo IdeaPad Gaming 3 AMD Ryzen 5 Hexa Core 6600H - (8 GB/512 GB SSD/Windows 11 Home/4 GB Graphics/N...,"₹59,331",4.5,AMD Ryzen 5 Hexa Core Processor8 GB DDR5 RAMWindows 11 Operating System512 GB SSD100.63 cm (39.62 cm) Display1 Year Onsite Warranty,https://rukminim2.flixcart.com/image/312/312/xif0q/computer/t/v/2/-original-imagufyhznq26vpn.jpeg?q=70
48,Ultimus Pro Intel Celeron Dual Core N4020 - (4 GB/128 GB EMMC Storage/Windows 11 Home) NU14U3INC43BN-M...,"₹13,990",3.4,Intel Celeron Dual Core Processor4 GB DDR4 RAMWindows 11 Operating System35.81 cm (14.1 Inch) Display1 Year On-Site Warranty,https://rukminim2.flixcart.com/image/312/312/xif0q/computer/b/l/o/-original-imagttg5qgfyfxgd.jpeg?q=70
49,Lenovo IdeaPad Slim 3 Intel Core i5 11th Gen 1155G7 - (8 GB/512 GB SSD/Windows 11 Home) 15ITL6 Thin an...,"₹37,990",4.2,Intel Core i5 Processor (11th Gen)8 GB DDR4 RAM64 bit Windows 11 Operating System512 GB SSD39.62 cm (15.6 inch) Display1Year Onsite warranty,https://rukminim2.flixcart.com/image/312/312/xif0q/computer/9/d/n/-original-imaguyhzhbhqe8qj.jpeg?q=70
50,ASUS Vivobook Go 15 (2023) AMD Ryzen 3 Quad Core 7320U - (8 GB/512 GB SSD/Windows 11 Home) E1504FA-NJ3...,"₹32,990",4.2,AMD Ryzen 3 Quad Core Processor8 GB LPDDR5 RAMWindows 11 Operating System512 GB SSD39.62 cm (15.6 Inch) Display1 Year Onsite Warranty,https://rukminim2.flixcart.com/image/312/312/xif0q/computer/u/h/s/-original-imagpxgqj6x2zkhe.jpeg?q=70
51,ASUS VivoBook 16X AMD Ryzen 7 Octa Core 5800HS - (16 GB/512 GB SSD/Windows 11 Home) M1603QA-MB711WS Th...,"₹57,990",4.2,AMD Ryzen 7 Octa Core Processor16 GB DDR4 RAM64 bit Windows 11 Operating System512 GB SSD40.64 cm (16 Inch) Display1 Year Onsite Warranty,https://rukminim2.flixcart.com/image/312/312/xif0q/computer/o/7/1/-original-imagpxgrmuazgfce.jpeg?q=70
52,Acer One Intel Core i3 11th Gen 1115G4 - (8 GB/256 GB SSD/Windows 11 Home) One 14 Z8-415 Thin and Ligh...,"₹25,990",4.2,Intel Core i3 Processor (11th Gen)8 GB DDR4 RAM64 bit Windows 11 Operating System256 GB SSD35.56 cm (14 Inch) Display1 Year Warranty,https://rukminim2.flixcart.com/image/312/312/xif0q/computer/6/5/g/-original-imagtke7erkzwzfp.jpeg?q=70
53,HP Intel Core i3 12th Gen 1215U - (8 GB/512 GB SSD/Windows 11 Home) 15s-fy5006TU Thin and Light Laptop,"₹38,990",4.1,Intel Core i3 Processor (12th Gen)8 GB DDR4 RAMWindows 11 Operating System512 GB SSD39.62 cm (15.6 Inch) Display1 Year Onsite Warranty,https://rukminim2.flixcart.com/image/312/312/xif0q/computer/z/t/q/-original-imagwy8dyhcndz7u.jpeg?q=70
54,MSI Katana 15 Intel Core i5 12th Gen 12450H - (16 GB/512 GB SSD/Windows 11 Home/6 GB Graphics/NVIDIA G...,"₹72,990",4.6,Intel Core i5 Processor (12th Gen)16 GB DDR5 RAMWindows 11 Operating System512 GB SSD39.62 cm (15.6 Inch) Display2 Year On-Site & Carry-In Warranty,https://rukminim2.flixcart.com/image/312/312/xif0q/computer/e/6/c/-original-imags9wbfxv6hydz.jpeg?q=70
55,HP (2023) Laptop with Backlit Keyboard Intel Core i5 11th Gen - (16 GB/512 GB SSD/Windows 11 Home) 15s...,"₹49,390",4.8,Intel Core i5 Processor (11th Gen)16 GB DDR4 RAM64 bit Windows 11 Operating System512 GB SSD39.62 cm (15.6 inch) Display1 Year Onsite Warranty,https://rukminim2.flixcart.com/image/312/312/xif0q/computer/7/x/r/15s-fq2510-thin-and-light-laptop-hp-original-imaguhyegg4qrmrc.jpeg?q=70
56,HP AMD Ryzen 3 Quad Core 5300U - (8 GB/512 GB SSD/Windows 11 Home) fq1089au Thin and Light Laptop,"₹35,980",4.3,AMD Ryzen 3 Quad Core Processor8 GB DDR4 RAM64 bit Windows 11 Operating System512 GB SSD35.56 cm (14 Inch) Display1 Year onsite warranty,https://rukminim2.flixcart.com/image/312/312/xif0q/computer/z/e/p/-original-imagwy8euzem26dw.jpeg?q=70
57,HP Laptop AMD Ryzen 3 Quad Core 5300U - (8 GB/512 GB SSD/Windows 11 Home) 15s- eq2212AU Thin and Light...,"₹36,590",4.3,AMD Ryzen 3 Quad Core Processor8 GB DDR4 RAMWindows 11 Operating System512 GB SSD39.62 cm (15.6 Inch) Display1 Year Onsite Warranty,https://rukminim2.flixcart.com/image/312/312/xif0q/computer/v/h/a/-original-imagwy8dtkyhrehe.jpeg?q=70
58,APPLE 2022 MacBook Pro Apple M2 - (8 GB/256 GB SSD/Mac OS Monterey) MNEP3HN/A,"₹1,02,990",4.5,"Apple M2 Processor8 GB Unified Memory RAMMac OS Operating System256 GB SSD33.78 cm (13.3 Inch) DisplayBuilt-in Apps: iMovie, Siri, GarageBand, Pages, Numbers, Photos, Keynote, Safari, Mail, FaceTime, Messages, Maps, Stocks, Home, Voice Memos, Notes, Calendar, Contacts, Reminders, Photo Booth, Preview, Books, App Store, Time Machine, TV, Music, Podcasts, Find My, QuickTime Player1 Year Limited Warranty",https://rukminim2.flixcart.com/image/312/312/xif0q/computer/k/s/m/-original-imagfdewfh9z3pee.jpeg?q=70
59,Lenovo IdeaPad Slim 3 Intel Core i3 11th Gen - (8 GB/256 GB SSD/Windows 11 Home) 15ITL6 Thin and Light...,"₹31,990",4.2,Intel Core i3 Processor (11th Gen)8 GB DDR4 RAMWindows 11 Operating System256 GB SSD100.63 cm (39.62 cm) Display1Year Onsite warranty + 1 Year Accidental Damage Protection,https://rukminim2.flixcart.com/image/312/312/xif0q/computer/0/f/v/-original-imaguyhzwj4tqwqu.jpeg?q=70
60,ASUS Vivobook Go 15 OLED (2023) AMD Ryzen 5 Quad Core 7520U - (8 GB/512 GB SSD/Windows 11 Home) E1504F...,"₹44,990",4.4,AMD Ryzen 5 Quad Core Processor8 GB LPDDR5 RAMWindows 11 Operating System512 GB SSD39.62 cm (15.6 Inch) Display1 Year Onsite Warranty,https://rukminim2.flixcart.com/image/312/312/xif0q/computer/a/k/k/-original-imagpxgru35rbzwz.jpeg?q=70
61,Lenovo IdeaPad Gaming 3 AMD Ryzen 5 Hexa Core 5500H - (8 GB/512 GB SSD/Windows 11 Home/4 GB Graphics/N...,"₹46,990",4.3,AMD Ryzen 5 Hexa Core Processor8 GB DDR4 RAMWindows 11 Operating System512 GB SSD100.63 cm (39.62 cm) Display1 Year Carry-in Warranty,https://rukminim2.flixcart.com/image/312/312/xif0q/computer/b/g/f/-original-imagufyhvwswufvm.jpeg?q=70
62,Infinix Inbook Y1 Plus Intel Core i5 10th Gen 1035G1 - (8 GB/512 GB SSD/Windows 11 Home) XL28 Thin and...,"₹26,990",4.6,Intel Core i5 Processor (10th Gen)8 GB LPDDR4X RAMWindows 11 Operating System512 GB SSD39.62 cm (15.6 inch) Display1 Year Onsite Warranty,https://rukminim2.flixcart.com/image/312/312/xif0q/computer/m/u/z/-original-imagmxurgcshfkx7.jpeg?q=70
63,Lenovo Lenovo V15 Intel Celeron Dual Core 4th Gen - (8 GB/256 GB SSD/Windows 11 Home) 82QYA00MIN Lapto...,"₹24,990",4,Intel Celeron Dual Core Processor (4th Gen)8 GB DDR4 RAM64 bit Windows 11 Operating System256 GB SSD39.62 cm (15.6 inch) Display1 Years,https://rukminim2.flixcart.com/image/312/312/xif0q/screen-guard/screen-guard/4/b/d/asg-14715-saco-original-imaghqbah9jycshw.jpeg?q=70
64,MSI Modern 14 Intel Core i5 11th Gen 1155G7 - (8 GB/512 GB SSD/Windows 11 Home) Modern 14 C11M-030IN T...,"₹36,990",4.2,Intel Core i5 Processor (11th Gen)8 GB DDR4 RAMWindows 11 Operating System512 GB SSD35.56 cm (14 Inch) Display1 Year Carry-in Warranty,https://rukminim2.flixcart.com/image/312/312/xif0q/computer/e/t/3/-original-imagvyw9sknbd98j.jpeg?q=70
65,Acer Nitro 5 Intel Core i7 12th Gen 12650H - (16 GB/1 TB SSD/Windows 11 Home/8 GB Graphics/NVIDIA GeFo...,"₹94,990",4.4,Intel Core i7 Processor (12th Gen)16 GB DDR4 RAMWindows 11 Operating System1 TB SSD39.62 cm (15.6 Inch) Display1 Year International Travelers Warranty (ITW),https://rukminim2.flixcart.com/image/312/312/xif0q/computer/8/e/m/-original-imagqf3a3j6ebxzc.jpeg?q=70
66,HP AMD Ryzen 5 Hexa Core 5500U - (8 GB/512 GB SSD/Windows 11 Home) 15s- eq2144au Thin and Light Laptop,"₹39,800",4.3,"AMD Ryzen 5 Hexa Core Processor8 GB DDR4 RAM64 bit Windows 11 Operating System512 GB SSD39.62 cm (15.6 inch) DisplayMicrosoft Office Home 2019 & Office 365, HP Documentation, HP SSRM, HP Smart1 Year Onsite Warranty",https://rukminim2.flixcart.com/image/312/312/xif0q/computer/c/m/u/-original-imagwy8dj3pzkecu.jpeg?q=70
67,Ultimus Intel Celeron Dual Core - (4 GB/128 GB EMMC Storage/Windows 11 Home) NU14U3INC43BN-SG Thin and...,"₹13,990",3.4,Intel Celeron Dual Core Processor4 GB DDR4 RAMWindows 11 Operating System35.56 cm (14 inch) Display1 Year Onsite Warranty,https://rukminim2.flixcart.com/image/312/312/xif0q/computer/r/c/i/-original-imagttg7qhg28yeq.jpeg?q=70
68,ASUS Vivobook 15 Intel Core i3 11th Gen 1115G4 - (8 GB/512 GB SSD/Windows 11 Home) X515EA-EJ322WS | X5...,"₹35,875",4.3,Intel Core i3 Processor (11th Gen)8 GB DDR4 RAM64 bit Windows 11 Operating System512 GB SSD39.62 cm (15.6 Inch) Display1 Year Onsite Warranty,https://rukminim2.flixcart.com/image/312/312/xif0q/computer/q/e/z/-original-imagpxgqesgrthks.jpeg?q=70
69,Infinix X2 Slim Intel Intel Core i3 11th Gen 1115G4 - (8 GB/512 GB SSD/Windows 11 Home) XL23 Thin and ...,"₹26,490",4.1,Intel Core i3 Processor (11th Gen)8 GB LPDDR4X RAM64 bit Windows 11 Operating System512 GB SSD35.56 cm (14 inch) DisplayNA1 year Onsite Warranty,https://rukminim2.flixcart.com/image/312/312/xif0q/computer/k/k/e/inbook-thin-and-light-laptop-infinix-original-imagpyjduraxwu4m.jpeg?q=70
70,CHUWI Intel Celeron Dual Core 11th Gen N4020 - (8 GB/256 GB SSD/Windows 11 Home) HeroBook Pro Laptop,"₹18,990",3.7,"Light weight, Portable Laptop
RAM/Storage: 8GB LPDDR4 Ram, 256GB M.2 SSD StorageHard-Decoding 4k@60Hz
Graphics/GPU: UHD Graphics 600
Display: 14.1 inch, 16:9 IPS Display
Touchpad: Larger Touchpad with easy control
Keyboard: Chiclet keyboard keysIntel Celeron Dual Core Processor (11th Gen)8 GB DDR4 RAM64 bit Windows 11 Operating System256 GB SSD35.81 cm (14.1 inch) DisplayWPS Office, Operating System Software1 Year Onsite Warranty",https://rukminim2.flixcart.com/image/312/312/xif0q/computer/n/m/q/-original-imagrfsbcwgjjegf.jpeg?q=70
71,Lenovo IdeaPad Slim 3 Intel Core i3 12th Gen 1215U - (8 GB/256 GB SSD/Windows 11 Home) 15IAU7 Thin and...,"₹31,990",4.1,Intel Core i3 Processor (12th Gen)8 GB DDR4 RAMWindows 11 Operating System256 GB SSD39.62 cm (15.6 inch) DisplayMicrosoft Office Home & Student 20211 Year Carry-in Warranty,https://rukminim2.flixcart.com/image/312/312/xif0q/computer/0/f/v/-original-imaguyhzwj4tqwqu.jpeg?q=70
72,Infinix X2 Slim Intel Intel Core i3 11th Gen 1115G4 - (8 GB/512 GB SSD/Windows 11 Home) XL23 Thin and ...,"₹26,490",4.1,Intel Core i3 Processor (11th Gen)8 GB LPDDR4X RAM64 bit Windows 11 Operating System512 GB SSD35.56 cm (14 inch) DisplayNA1 year Onsite Warranty,https://rukminim2.flixcart.com/image/312/312/xif0q/computer/o/w/s/inbook-thin-and-light-laptop-infinix-original-imagpyjbxe3auzcp.jpeg?q=70
73,CHUWI Intel Celeron Dual Core 11th Gen N4020 - (8 GB/256 GB SSD/Windows 11 Home) HeroBook Pro Laptop,"₹18,990",3.7,"Light weight, Portable Laptop
RAM/Storage: 8GB LPDDR4 Ram, 256GB M.2 SSD StorageHard-Decoding 4k@60Hz
Graphics/GPU: UHD Graphics 600
Display: 14.1 inch, 16:9 IPS Display
Touchpad: Larger Touchpad with easy control
Keyboard: Chiclet keyboard keysIntel Celeron Dual Core Processor (11th Gen)8 GB DDR4 RAM64 bit Windows 11 Operating System256 GB SSD35.81 cm (14.1 inch) DisplayWPS Office, Operating System Software1 Year Onsite Warranty",https://rukminim2.flixcart.com/image/312/312/xif0q/computer/n/m/q/-original-imagrfsbcwgjjegf.jpeg?q=70
74,HP Intel Core i3 12th Gen 1215U - (8 GB/512 GB SSD/Windows 11 Home) 15s-fy5006TU Thin and Light Laptop,"₹38,990",4.1,Intel Core i3 Processor (12th Gen)8 GB DDR4 RAMWindows 11 Operating System512 GB SSD39.62 cm (15.6 Inch) Display1 Year Onsite Warranty,https://rukminim2.flixcart.com/image/312/312/xif0q/computer/z/t/q/-original-imagwy8dyhcndz7u.jpeg?q=70
75,ASUS Vivobook 15 Intel Core i3 12th Gen 1215U - (8 GB/512 GB SSD/Windows 11 Home) X1502ZA-EJ953WS Thin...,"₹36,990",4.3,Intel Core i3 Processor (12th Gen)8 GB DDR4 RAMWindows 11 Operating System512 GB SSD39.62 cm (15.6 Inch) Display1 Year Onsite Warranty,https://rukminim2.flixcart.com/image/312/312/xif0q/computer/j/t/b/-original-imagpxgqjeghkq7b.jpeg?q=70
76,WINGS Nuvobook S1 Aluminium Alloy Metal Body Intel Intel Core i3 11th Gen 1125G4 - (8 GB/256 GB SSD/Wi...,"₹27,990",4.2,Intel Core i3 Processor (11th Gen)8 GB DDR4 RAMWindows 11 Operating System256 GB SSD39.62 cm (15.6 Inch) Display1 Year Onsite Warranty,https://rukminim2.flixcart.com/image/312/312/xif0q/computer/j/2/o/-original-imagtq47azeytzzg.jpeg?q=70
77,WINGS Nuvobook V1 Aluminium Alloy Metal Body Intel Intel Core i5 11th Gen 1155G7 - (8 GB/512 GB SSD/Wi...,"₹27,990",4.2,Intel Core i5 Processor (11th Gen)8 GB DDR4 RAMWindows 11 Operating System512 GB SSD39.62 cm (15.6 Inch) Display1 Year Onsite Warranty,https://rukminim2.flixcart.com/image/312/312/xif0q/computer/q/k/k/-original-imagtq3zkzyfudmn.jpeg?q=70
78,ASUS Vivobook S 14 Flip (2022) AMD Ryzen 5 Hexa Core 5600HS - (8 GB/512 GB SSD/Windows 11 Home) TN3402...,"₹58,990",4.4,AMD Ryzen 5 Hexa Core Processor8 GB DDR4 RAMWindows 11 Operating System512 GB SSD35.56 cm (14 inch) Touchscreen Display1 Year Onsite Warranty,https://rukminim2.flixcart.com/image/312/312/xif0q/computer/j/6/p/-original-imagqdubhwatqz9t.jpeg?q=70
79,Lenovo IdeaPad Slim 3 Intel Core i3 12th Gen 1215U - (8 GB/256 GB SSD/Windows 11 Home) 15IAU7 Thin and...,"₹31,990",4.1,Intel Core i3 Processor (12th Gen)8 GB DDR4 RAMWindows 11 Operating System256 GB SSD39.62 cm (15.6 inch) DisplayMicrosoft Office Home & Student 20211 Year Carry-in Warranty,https://rukminim2.flixcart.com/image/312/312/xif0q/computer/0/f/v/-original-imaguyhzwj4tqwqu.jpeg?q=70
80,Lenovo IdeaPad Slim 3 Intel Core i5 11th Gen 1135G7 - (16 GB/512 GB SSD/Windows 11 Home) 15ITL6 Thin a...,"₹41,990",4.2,Intel Core i5 Processor (11th Gen)16 GB DDR4 RAMWindows 11 Operating System512 GB SSD39.62 cm (15.6 inch) Display1 Year Onsite Warranty + 1 Year ADP,https://rukminim2.flixcart.com/image/312/312/xif0q/computer/9/d/n/-original-imaguyhzhbhqe8qj.jpeg?q=70
81,WINGS Nuvobook V1 Aluminium Alloy Metal Body Intel Intel Core i5 11th Gen 1155G7 - (8 GB/512 GB SSD/Wi...,"₹27,990",4.2,Intel Core i5 Processor (11th Gen)8 GB DDR4 RAMWindows 11 Operating System512 GB SSD39.62 cm (15.6 Inch) Display1 Year Onsite Warranty,https://rukminim2.flixcart.com/image/312/312/xif0q/computer/l/s/n/-original-imagtq3xfpnyqw4v.jpeg?q=70
82,Acer Nitro 5 Intel Core i7 12th Gen 12650H - (16 GB/1 TB SSD/Windows 11 Home/8 GB Graphics/NVIDIA GeFo...,"₹94,990",4.4,Intel Core i7 Processor (12th Gen)16 GB DDR4 RAMWindows 11 Operating System1 TB SSD39.62 cm (15.6 Inch) Display1 Year International Travelers Warranty (ITW),https://rukminim2.flixcart.com/image/312/312/xif0q/computer/8/e/m/-original-imagqf3a3j6ebxzc.jpeg?q=70
83,ASUS Vivobook 16 (2023) AMD Ryzen 7 Octa Core 7730U - (16 GB/512 GB SSD/Windows 11 Home) M1605YA-MB742...,"₹53,351",4.2,AMD Ryzen 7 Octa Core Processor16 GB DDR4 RAMWindows 11 Operating System512 GB SSD40.64 cm (16 Inch) Display1 Year Onsite Warranty,https://rukminim2.flixcart.com/image/312/312/xif0q/computer/4/t/n/-original-imags564pugw3qaa.jpeg?q=70
84,ASUS Vivobook 15 Intel Core i3 11th Gen 1115G4 - (8 GB/512 GB SSD/Windows 11 Home) X515EA-EJ322WS | X5...,"₹35,875",4.3,Intel Core i3 Processor (11th Gen)8 GB DDR4 RAM64 bit Windows 11 Operating System512 GB SSD39.62 cm (15.6 Inch) Display1 Year Onsite Warranty,https://rukminim2.flixcart.com/image/312/312/xif0q/computer/q/e/z/-original-imagpxgqesgrthks.jpeg?q=70
85,Acer Extensa (2023) AMD Ryzen 5 Quad Core 7520U - (8 GB/512 GB SSD/Windows 11 Home) EX215-23-R5EG Thin...,"₹33,990",4.1,Stylish & Portable Thin and Light LaptopLPDDR5 RAM -faster & low power consumingFirmware TPM (Trusted Platform Module)-Improved Security of your PCFHD 1080p screen with 250 Nits brightnessLatest WiFi 6AMD Ryzen 5 Quad Core Processor8 GB LPDDR5 RAM64 bit Windows 11 Operating System512 GB SSD39.62 cm (15.6 Inch) Display1 Year International Travelers Warranty,https://rukminim2.flixcart.com/image/312/312/xif0q/computer/y/l/p/-original-imagqmqjv5cyvbup.jpeg?q=70
86,Lenovo IdeaPad 3 Chromebook Intel Celeron Dual Core N4020 - (4 GB/64 GB EMMC Storage/Chrome OS) ideapa...,"₹17,400",3.5,Intel Celeron Dual Core Processor4 GB LPDDR4 RAMChrome Operating System29.46 cm (11.6 Inch) Display1 Year Onsite�Warranty,https://rukminim2.flixcart.com/image/312/312/ksyz8280/computer/8/v/i/cb-11igl05-thin-and-light-laptop-lenovo-original-imag6fh8sqpuk3ts.jpeg?q=70
87,WINGS Nuvobook S1 Aluminium Alloy Metal Body Intel Intel Core i3 11th Gen 1125G4 - (8 GB/256 GB SSD/Wi...,"₹27,990",4.2,Intel Core i3 Processor (11th Gen)8 GB DDR4 RAMWindows 11 Operating System256 GB SSD39.62 cm (15.6 Inch) Display1 Year Onsite Warranty,https://rukminim2.flixcart.com/image/312/312/xif0q/computer/8/9/h/-original-imagtq43ngggg9gj.jpeg?q=70
88,Infinix X3 Slim Intel Intel Core i5 12th Gen 1235U - (16 GB/512 GB SSD/Windows 11 Home) XL422 Thin and...,"₹34,990",4.1,Intel Core i5 Processor (12th Gen)16 GB LPDDR4X RAMWindows 11 Operating System512 GB SSD35.56 cm (14 Inch) Display1 Year Onsite Warranty,https://rukminim2.flixcart.com/image/312/312/xif0q/computer/b/n/i/xl422-thin-and-light-laptop-infinix-original-imags7v9mw9zgzh2.jpeg?q=70
89,Lenovo IdeaPad Gaming 3 AMD Ryzen 5 Hexa Core 5500H - (8 GB/512 GB SSD/Windows 11 Home/4 GB Graphics/N...,"₹46,990",4.3,AMD Ryzen 5 Hexa Core Processor8 GB DDR4 RAMWindows 11 Operating System512 GB SSD100.63 cm (39.62 cm) Display1 Year Carry-in Warranty,https://rukminim2.flixcart.com/image/312/312/xif0q/computer/b/g/f/-original-imagufyhvwswufvm.jpeg?q=70
90,Lenovo IdeaPad Slim 3 Chromebook Intel Celeron Dual Core N4020 - (4 GB/64 GB EMMC Storage/Chrome OS) 1...,"₹18,990",3.7,Intel Celeron Dual Core Processor4 GB LPDDR4 RAM64 bit Chrome Operating System35.56 cm (14 inch) Touchscreen Display1 Year Onsite Warranty,https://rukminim2.flixcart.com/image/312/312/xif0q/computer/7/k/4/-original-imaggqgb6dbkyhbe.jpeg?q=70
91,WINGS Nuvobook Pro Aluminium Alloy Metal Body Intel Intel Core i7 11th Gen 1165G7 - (16 GB/512 GB SSD/...,"₹49,990",4,Intel Core i7 Processor (11th Gen)16 GB DDR4 RAMWindows 11 Operating System512 GB SSD35.56 cm (14 Inch) Display1 Year Onsite Warranty,https://rukminim2.flixcart.com/image/312/312/xif0q/computer/d/e/w/-original-imagtq48ep5jxwxn.jpeg?q=70
92,APPLE 2022 MacBook Pro Apple M2 - (8 GB/256 GB SSD/Mac OS Monterey) MNEP3HN/A,"₹1,02,990",4.5,"Apple M2 Processor8 GB Unified Memory RAMMac OS Operating System256 GB SSD33.78 cm (13.3 Inch) DisplayBuilt-in Apps: iMovie, Siri, GarageBand, Pages, Numbers, Photos, Keynote, Safari, Mail, FaceTime, Messages, Maps, Stocks, Home, Voice Memos, Notes, Calendar, Contacts, Reminders, Photo Booth, Preview, Books, App Store, Time Machine, TV, Music, Podcasts, Find My, QuickTime Player1 Year Limited Warranty",https://rukminim2.flixcart.com/image/312/312/xif0q/computer/k/s/m/-original-imagfdewfh9z3pee.jpeg?q=70
93,HP Intel Intel Core i3 11th Gen 1115G4 - (8 GB/512 GB SSD/Windows 11 Home) 14s - dy2508TU Thin and Lig...,"₹37,689",4.3,Intel Core i3 Processor (11th Gen)8 GB DDR4 RAM64 bit Windows 11 Operating System512 GB SSD35.56 cm (14 inch) DisplayMicrosoft Office Home & Student 20211 Year Onsite Warranty,https://rukminim2.flixcart.com/image/312/312/xif0q/computer/9/e/o/-original-imagwy8damtqdphp.jpeg?q=70
94,HP AMD Ryzen 7 Octa Core 5700U - (16 GB/512 GB SSD/Windows 11 Home) 15s- ey2001au Thin and Light Lapto...,"₹55,990",4.2,AMD Ryzen 7 Octa Core Processor16 GB DDR4 RAMWindows 11 Operating System512 GB SSD39.62 cm (15.6 Inch) Display1 Year Onsite Warranty,https://rukminim2.flixcart.com/image/312/312/xif0q/computer/7/2/c/-original-imagwy8dpz6uhd5k.jpeg?q=70
95,DELL AMD Ryzen 5 Quad Core 7520U - (8 GB/1 TB SSD/Windows 11 Home) Inspiron 3535 Thin and Light Laptop,"₹49,490",,AMD Ryzen 5 Quad Core Processor8 GB DDR4 RAMWindows 11 Operating System1 TB SSD39.62 cm (15.6 Inch) Display1 Year Onsite Hardware Service,https://rukminim2.flixcart.com/image/312/312/xif0q/computer/y/h/w/-original-imaghzahgukpkyfu.jpeg?q=70
